,1,2,3,4,Avg
0_0,2.6024155727284723,2.2792953947957963,1.9545293259096037,1.9598590287886477,2.19902483055563
0_1,5.923436691157485,4.921360996437098,4.161603755613478,4.306075327125376,4.828119192583359
0_2,9.362871877219598,8.004154017239102,6.9620274637018404,7.041550250542749,7.842650902175822
0_3,13.298650273713312,11.310424030918355,9.842728865257467,9.912815087638295,11.091154564381856
0_4,17.00529189074992,14.574013800994894,12.662300322358238,12.571428865937621,14.203258720010169
0_5,20.544023439424375,17.471052194536377,15.207973461387708,15.20848344860047,17.107883135987233
0_6,23.467025368023844,19.848148519213513,17.239616062677573,17.232482004647334,19.446817988640568
0_7,25.794180568700042,21.89215421816671,18.966722307271116,18.772839200697767,21.35647407370891
0_8,27.82082540590101,23.940459660379442,21.02955699690129,20.835901269704475,23.406685833221555
0_9,30.409847624692237,26.550720922470703,23.65331149974606,23.458055260050727,26.017983826739933
0_10,33.20464570213233,29.36777609627181,26.484065360634755,26.286406056924875,28.835723303990942
0_11,36.167434462250974,32.36077812459564,29.49643834179035,29.29590781022503,31.8301396847155
0_12,39.20334469060806,35.42942628010675,32.58605872328818,32.382269732707414,34.900274856677605
0_13,41.86863824331683,38.12314892481321,35.2977325431713,35.09080418444112,37.59508097393561
0_14,44.03598750824751,40.31444851424862,37.50417386435525,37.29457958033172,39.78729736679578
0_15,45.724348868368125,42.024576816006146,39.22856648904905,39.01700581438589,41.4986244969523
0_16,47.58918440609127,43.91559361712065,41.13700190421708,40.92329958423882,43.391269877916955
0_17,49.95712676769685,46.31198892893364,43.551568144719944,43.33480874252811,45.78887314596963
0_18,52.63018107701564,49.01841994743413,46.27949891922787,46.05932631094591,48.49685656365589
0_19,55.569826961930296,51.99521391028918,49.28026724607485,49.05634571066871,51.47541345724076
0_20,58.433323830270396,54.89412615466623,52.201858497711974,51.97420700352253,54.37587887154279
0_21,60.978152914160475,57.47193916849166,54.80107841018951,54.5702450569364,56.95535388744452
0_22,63.0320195524836,59.552047583616734,56.89813884416661,56.66471295337385,59.0367297334102
0_23,64.63057589771898,61.17381829936601,58.53541900212916,58.30019245101218,60.66000141255659
0_24,66.41869054770181,62.9879094479328,60.36685017333698,60.129594714260406,62.475761220808
0_25,68.65741538872531,65.25704782020091,62.655997829184,62.41611396434178,64.746643750613
0_26,71.17243786141199,67.80673391979097,65.22860554301772,64.98585699782289,67.2984085805109
0_27,73.86245663008401,70.53198435372644,67.97692584834098,67.73109476999873,70.02561540053755
0_28,76.55975299632325,73.26759687488887,70.73815825863329,70.48948028366412,72.76374710337738
0_29,78.92363764140026,75.66368256161847,73.15563554413478,72.90447778962329,75.1618583841942
0_30,80.81977214455983,77.58534971187213,75.09429861907878,74.84123426252907,77.08516368450995
0_31,82.30593082958767,79.09373825445049,76.6178334975202,76.36341853712769,78.59523027967151
0_32,83.9650597554602,80.77883794802798,78.32077266795102,78.0649042000741,80.28239364287833
0_33,86.01277568693921,82.85473123676425,80.41563777467957,80.15790226394816,82.36026174058279
0_34,88.40745547620291,85.28224883044443,82.8653129982418,82.60547065361,84.79012198962478
0_35,90.93935317000538,87.84919698435144,85.45601344653323,85.19403576534663,87.35964984155916
0_36,93.3550882308132,90.2979431824535,87.92716367258083,87.66324087512494,89.81085899024312
0_37,95.58921682609923,92.56296582044384,90.21327030927182,89.94764871376024,92.07827541739378
0_38,97.34820946990337,94.34639954872601,92.01345418400875,91.74656523763157,93.86365711006742
0_39,98.69430139671526,95.71215363965834,93.39282505998496,93.12503435658745,95.23107861323649
0_40,100.16833177407966,97.20831681146123,94.90437479119048,94.63561375680638,96.72915928338443
0_41,102.04263438388118,99.10956037287691,96.82428323866337,96.5543176027424,98.63269889954097
0_42,104.21739077918949,101.31394161584231,99.04910851672365,98.77779701722262,100.83955948224451
0_43,106.52553614597471,103.6536659310524,101.41070033471615,101.13803402252636,103.18198410856742
0_44,108.8124657067852,105.97027971667455,103.74781626427226,103.47388521543536,105.50111172579184
0_45,110.85782861542653,108.0432554136496,105.8400049312692,105.56500742634913,107.57652409667361
0_46,112.54034232075976,109.74841971925099,107.56096507419223,107.2851342968586,109.28371535276538
0_47,113.81089385894123,111.0379224040403,108.86385013494777,108.58742301852794,110.57502235411431
0_48,115.21380571934377,112.4613997189616,110.30184568999495,110.02477888948368,112.000457504446
0_49,117.05510265132531,114.327425686901,112.18522600864144,111.9073635210382,113.86877946697649
0_50,119.11915494718649,116.41926297903251,114.2966062750537,114.01789445961104,115.96322966522094
0_51,121.26782094018539,118.59718168323066,116.49517020322703,116.21562287297265,118.14394892490392
0_52,123.47592440548026,120.83468969885203,118.75345695971124,118.47311903952176,120.38429752589131
0_53,125.41545239720804,122.80021954494286,120.73741491147943,120.45642549806216,122.35237808792313
0_54,126.95991338690388,124.366292499076,122.31887149728685,122.03737537210728,123.9206131888435
0_55,128.11253911686117,125.53568386284536,123.50024948294815,123.21838759613661,125.09171501469783
0_56,129.4437946361263,126.88596665722984,124.86413366558831,124.58186436057629,126.4439398298802
0_57,131.12479458581583,128.5889798016155,126.58283235728165,126.30010840707313,128.1491787879465
0_58,133.0471654678485,130.53692585150566,128.54904270661132,128.26581669020723,130.09973767904316
0_59,135.05705339039173,132.57369297046853,130.60504736082328,130.32132708424655,132.1392802014825
0_60,137.01018235158577,134.55287022546958,132.60289831283802,132.3187300042886,134.1211702235455
0_61,138.8069801547031,136.3735429701882,134.44071537399807,134.15616456563092,135.94435076613007
0_62,140.30725441435956,137.8927781456584,135.97356722973427,135.68874480118393,137.46558614773403
0_63,141.3254237355284,138.92547243193954,137.01674385963491,136.7317015452468,138.4998353930874
0_64,141.3254237355284,138.92547243193943,137.0167438596349,136.7317015452468,138.49983539308738
0_65,141.32542373552886,138.92547243193994,137.0167438596354,136.73170154524732,138.4998353930879
0_66,141.32542373552852,138.92547243193965,137.01674385963508,136.73170154524695,138.49983539308755
0_67,141.32542373552891,138.92547243193997,137.01674385963545,136.73170154524735,138.49983539308792
0_68,141.32542373552866,138.92547243193968,137.0167438596351,136.73170154524692,138.49983539308758
1_0,141.05351786174512,138.76236681120292,137.02439973827458,136.70105388584784,138.38533457426763
1_1,140.69209982303403,138.75693405522858,137.08087913231012,136.83167702332895,138.3403975084754
1_2,140.6062102946651,138.72393625723475,137.14326647610412,136.99483507083647,138.3670620247101
1_3,140.7326715643048,138.97397146232018,137.36995751763118,137.3407767193828,138.60434431590974
1_4,141.10563144218668,139.39864309272974,137.72595998031244,137.95236130521573,139.04564895511115
1_5,141.72321117635846,140.03389983890955,138.28225481687446,138.6289423183482,139.66707703762268
1_6,142.48969253526553,140.77675041982405,138.97473001024457,139.367860578734,140.40225838601702
1_7,143.33764576467837,141.51987586257835,139.67864739707062,140.07987001154063,141.154009758967
1_8,143.78153257286883,141.88506040285165,140.02428803486617,140.42140210142347,141.52807077800253
1_9,143.91885832234016,141.98663746054598,140.1180046373876,140.51140393376312,141.6337260885092
1_10,143.99165399180637,142.04777849656983,140.17652599029796,140.56755811630038,141.69587914874361
1_11,144.1439293848658,142.19763765656674,140.3250209423535,140.71393631357557,141.8451310743404
1_12,144.44501040700703,142.49930319033928,140.62536356815878,141.0123888615329,142.1455165067595
1_13,144.90959151260785,142.96577947766147,141.09084455463125,141.47640488492448,142.61065510745624
1_14,145.525257198044,143.5846162637636,141.70961008715457,142.09364639027427,143.22828248480909
1_15,146.2364261103114,144.3007089321437,142.42741391502372,142.80920128138115,143.943437559715
1_16,146.82904645490746,144.8981201103925,143.02704540676893,143.40655508044532,144.54019176312855
1_17,147.19535833096495,145.2673575649229,143.39747707332458,143.77543689467163,144.90890746597103
1_18,147.39769903724797,145.47074794298214,143.60073228009523,143.97788894270548,145.11176705075772
1_19,147.55663317218625,145.6299658789558,143.7591862635122,144.13579931025643,145.27039615622766
1_20,147.77947086863531,145.8535861257047,143.9823559364805,144.35813997005027,145.4933882252177
1_21,148.1292238527041,146.20548366750455,144.3348212121642,144.70916366092285,145.84467309832394
1_22,148.62326407785062,146.70323585987794,144.83435333293713,145.20659187778358,146.34186128711232
1_23,149.22878027876934,147.31382446254676,145.44784278661072,145.81740267268657,146.95196255015333
1_24,149.83063918982813,147.9211248954628,146.0585052551415,146.42527701105226,147.55888658787117
1_25,150.309952975409,148.40497133187583,146.5452455031556,146.90974216963977,148.04247799502005
1_26,150.63535176853028,148.73340611064248,146.87560069561624,147.2386009559504,148.37073988268486
1_27,150.8601899726769,148.9601078315113,147.10339171598494,147.4654683929784,148.59728947828788
1_28,151.07007678579382,149.17139369240547,147.31536918503448,147.67671433580458,148.8083884997596
1_29,151.34044975052603,149.44339060735302,147.5881168213943,147.94857742700262,149.08013365156899
1_30,151.72027189685227,149.8256707232823,147.97167302337994,148.33081625635802,149.46210797496812
1_31,152.21927819133296,150.3283811954772,148.47656897319195,148.83378902037816,149.96450434509507
1_32,152.78523597765857,150.89905560359384,149.05025040131991,149.40507716897335,150.5349047878864
1_33,153.32396172618144,151.44264557101394,149.59707293277475,149.94946793949663,151.0782870423667
1_34,153.75960121980674,151.88239820918847,150.0396071291927,150.38996431223043,151.51789271760458
1_35,154.07592102048477,152.20167928986493,150.3608765236699,150.70976873336642,151.8370613918465
1_36,154.31472466663087,152.44251802205474,150.60303063590814,150.95090545148895,152.07779469402067
1_37,154.54662102288088,152.67616695236381,150.83777218359532,151.18475901992724,152.31132979469183
1_38,154.83821424283678,152.96995366567725,151.13296028748456,151.47884293270783,152.60499278217662
1_39,155.22980436515286,153.3646968619921,151.52980783864382,151.87412848975245,152.99960938888532
1_40,155.71685321931943,153.85592683535023,152.02391302249006,152.36618805943084,153.49072028414764
1_41,156.24724609717208,154.39107052070239,152.56237930203721,152.90234837589622,154.02576107395197
1_42,156.74886985613395,154.89728616877002,153.07183239480472,153.40958335900845,154.5318929446793
1_43,157.17040942968973,155.32269080276006,153.49996535357184,153.83585398587056,154.95722989297306
1_44,157.50511320234975,155.66041551527667,153.83981449648155,154.1742483801955,155.29489789857587
1_45,157.78676279691376,155.9445751464248,154.12573601262807,154.4589608749313,155.57900870772448
1_46,158.06794984710643,156.2283266857204,154.41130499455747,154.74329601864605,155.8627193865076
1_47,158.3963678034434,156.5598955957687,154.74514354355392,155.07562289416336,156.19425745923235
1_48,158.79491004967937,156.9624451160699,155.15061787589283,155.47918054275712,156.5967883960998
1_49,159.2503065251685,157.42257852582378,155.6142382624692,155.9405409287245,157.05691606054648
1_50,159.71938480797718,157.89665412505119,156.09201204906196,156.41593533975063,157.53099658046023
1_51,160.15289690138948,158.33485824031447,156.53369949370546,156.85539276710557,157.96921185062874
1_52,160.52195348899517,158.70792705988666,156.90975129386283,157.22954125031137,158.342293273264
1_53,160.83051304229173,159.0197878361617,157.22406553973573,157.5422934707514,158.65416497223512
1_54,161.10981997785186,159.30195932235824,157.5083620142396,157.82523958396214,158.93634522460297
1_55,161.40225655093002,159.59724892641498,157.80576490586367,158.1213032790273,159.231643415559
1_56,161.74254887413855,159.9407690159515,158.15167746374368,158.46570571378706,159.5751752669052
1_57,162.14211328146357,160.34411227401824,158.55782839626343,158.87009221673648,159.97853654212042
1_58,162.58352519500667,160.78973737471242,159.0065931254134,159.31689262943956,160.42418708114303
1_59,163.02969846081464,161.24021220003883,159.46028258397226,159.76858010964946,160.87469333861878
1_60,163.44341397434417,161.6579287302382,159.880996667588,160.1874370372089,161.2924441023448
1_61,163.80574507207675,162.0237282918042,160.24940004864197,160.55423686039435,161.65827756822932
1_62,164.12358914514257,162.3445368575883,160.57243701907777,160.87591015703902,161.9791182947119
1_63,164.4243133701454,162.64798119667398,160.87792709227702,161.18015404375217,162.28259392571215
1_64,164.74187487703546,162.9683789235701,161.2004581715933,161.5013863860502,162.60302458956227
1_65,165.10096112366338,163.33071176276243,161.565234163024,161.86467193184214,162.96539474532298
1_66,165.5057233326435,163.73922621748207,161.97657501957028,162.2742848458727,163.37395235389212
1_67,165.9378962164423,164.17551331145503,162.41596523747506,162.71177608517135,163.81028771263595
1_68,166.36466110506484,164.60643829672955,162.8500326593005,163.14392093592403,164.24126324925473
1_69,166.75154257078685,164.99716739644919,163.2436728036829,163.53578223086467,164.6320412504459
1_70,167.07365612356216,165.32253872715,163.57151296276257,163.8621166737381,164.9574561218032
1_71,167.3208808214142,165.5722995274465,163.82319890566606,164.1126313795395,165.20725265851655
1_72,167.49665300613174,165.7498968341335,164.00218399512107,164.29077457584302,165.38487710280734
1_73,167.61301596524396,165.86748078626235,164.120697940113,164.40872613885287,165.50248020761805
1_74,167.68510137679445,165.94032956066062,164.19412913331124,164.4818063431959,165.57534160349056
1_75,167.72708395193848,165.98276033300598,164.2369024454206,164.52437397905194,165.61778017735423
1_76,167.75016933359063,166.00609394857352,164.26042609834087,164.54778396085308,165.6411183353395
1_77,167.7622015000999,166.01825632881557,164.27268833327042,164.55998670491283,165.6532832167747
1_78,167.76816671554099,166.02428647292786,164.2787683519756,164.56603713179038,165.6593146680587
1_79,167.77098885066556,166.02713948453396,164.28164512098377,164.5688998646813,165.66216833021613
1_80,167.7722666529823,166.02843133185385,164.28294779306387,164.57019616923577,165.66346048678395
1_81,167.77282183198776,166.02899263843767,164.28351383015394,164.57075943609604,165.66402193416886
1_82,167.773053855594,166.02922723239286,164.2837504117146,164.57099485902012,165.6642565896804
1_83,167.77314733493367,166.029321750695,164.28384573475475,164.57108971514862,165.66435113388303
1_84,167.7731837143984,166.02935853566495,164.2838828343294,164.5711266330616,165.66438792936358
1_85,167.77319741546145,166.02937238983375,164.28389680747773,164.5711405378435,165.6644017876541
2_0,168.0248449321112,166.19478656485904,164.35867037746587,164.5732189288319,165.787880200817
2_1,168.24289690159432,166.24242962171056,164.44333375180207,164.65049346808487,165.89478843579795
2_2,168.41990949648027,166.3634459822578,164.51448000258804,164.73966699496984,166.00937561907398
2_3,168.5062262364112,166.41094804406433,164.5640908871712,164.79010443830595,166.06784240148818
2_4,168.52480121805075,166.4042825511252,164.62672957515255,164.79029722238042,166.08652764167724
2_5,168.51089965773238,166.3844458926771,164.6850174775174,164.80852315182696,166.09722154493846
2_6,168.51109719105386,166.38611152736277,164.75395104486958,164.83319658651612,166.1210890874506
2_7,168.53688912512072,166.41451910697964,164.83262045562898,164.87537604411716,166.16485118296163
2_8,168.5916273139204,166.47243451686762,164.92265704723675,164.94540085944678,166.2330299343679
2_9,168.66586561955745,166.54983941865382,165.01776504238316,165.0326300182527,166.31652502471178
2_10,168.75164558741517,166.6379095110584,165.1143612258878,165.12692455020243,166.40771021864094
2_11,168.8400088899425,166.7274051561611,165.20742867740293,165.2194906210436,166.49858333613756
2_12,168.91933036368326,166.8070339670522,165.28832650949028,165.3003019522923,166.57874819812952
2_13,168.985116980685,166.87291355813278,165.35465804739982,165.36655808000435,166.64481166655548
2_14,169.04158255444224,166.9297539787448,165.41187699194992,165.4235837095134,166.7016993086626
2_15,169.0961243379356,166.98516253218793,165.46788175354314,165.47924527557504,166.75710347481044
2_16,169.1557284596128,167.04608948204523,165.5296632127004,165.54056218038443,166.81801083368572
2_17,169.22469840582647,167.11667633110866,165.60128965359846,165.61165764235975,166.88858050822333
2_18,169.30340187807724,167.1971200057502,165.682861414939,165.69267415692306,166.96901436392238
2_19,169.38833821252823,167.28377040518097,165.7706350489119,165.77989573665468,167.05565985081896
2_20,169.47252480993953,167.369514279298,165.857410611546,165.86615222383378,167.1414004811543
2_21,169.54812620639558,167.44641382841934,165.93518013905168,165.9434689797377,167.21829728840106
2_22,169.61071871801772,167.51001044330482,165.99945901462343,166.00737986500909,167.28189201023875
2_23,169.6618047914594,167.56186329100257,166.0518414713507,166.05946929689557,167.33374471267706
2_24,169.70804703798046,167.6087550328694,166.09918843126843,166.10656552402884,167.3806390065368
2_25,169.75818455452287,167.65954835384505,166.15044482834423,166.15757456524918,167.43143807549035
2_26,169.81934795998072,167.72145072098084,166.2128703738817,166.219726711524,167.49334894159182
2_27,169.8943099966242,167.79724657896415,166.28925814045672,166.29580367868485,167.56915459868247
2_28,169.9806017482722,167.88442552657907,166.37706945651627,166.3832739107971,167.65634266054116
2_29,170.07183107737373,167.97652999247873,166.46980076121264,166.47565329908326,167.7484537825371
2_30,170.1607022816665,168.06620599592748,166.56005599833406,166.56556791894306,167.83813304871776
2_31,170.242246805616,168.14845408989018,166.64281261039486,166.64801090334015,167.92038110231027
2_32,170.3156377670034,168.22244864946188,166.7172451972767,166.72216108436473,167.9943731745267
2_33,170.38394657706345,168.2912875192023,166.78647063156137,166.79112854595107,168.06320831844454
2_34,170.45240215166655,168.3602394895435,166.85578684014115,166.86019792461232,168.13215660149086
2_35,170.5262105251045,168.4345527492873,166.9304725897368,166.93463386976424,168.20646743347322
2_36,170.6087255385713,168.51761648445157,167.0139420566494,167.01784012465393,168.28953105108155
2_37,170.70037524447753,168.6098795087927,167.1066578663208,167.11027518413889,168.38179695093248
2_38,170.79859560611433,168.70877818312601,167.20605534251683,167.20937729490032,168.48070160666435
2_39,170.89882679250437,168.80973235288045,167.30753881413267,167.310559498396,168.58166436447837
2_40,170.99620709073952,168.90784742937578,167.40618987061694,167.40891454294348,168.67978973341894
2_41,171.08725378089358,168.9996102791899,167.49847381497162,167.500916778963,168.7715636635045
2_42,171.17086723506668,169.08390798884693,167.58326844602215,167.58544707670094,168.85587268665918
2_43,171.24837224344873,169.16207528979987,167.66191550413404,167.66384303473905,168.9340515180304
2_44,171.3227289774466,169.23709955489701,167.7374214546952,167.73910185010578,169.00908795928615
2_45,171.39730485726943,169.31237796059764,167.8132045080142,167.81463176134457,169.08437977180645
2_46,171.47467533704952,169.3905024578429,167.8918686838149,167.893030798799,169.16251931937657
2_47,171.55585792518215,169.47248428125806,167.97442168541266,167.97530754900595,169.24451786021473
2_48,171.64020392950306,169.55764619677942,168.06016734855464,168.0607735921446,169.32969776674543
2_49,171.72591624526984,169.6441497866562,168.14723932274399,168.14757448184528,169.41621995912882
2_50,171.81092169164486,169.7298817475971,168.23349689664371,168.2335814460193,169.50197044547622
2_51,171.8937092791948,169.8133049282072,168.31738481694194,168.31724732150397,169.585411586462
2_52,171.97380045636154,169.89393569574037,168.398415605872,168.39808658881213,169.66605958669652
2_53,172.05170703673645,169.97230149781,168.47712695023938,168.47663268606647,169.74444204271308
2_54,172.12846281158022,170.04946566248216,168.55460189596224,168.5539600857565,169.8216226139453
2_55,172.20498555808368,170.12637930332426,168.63181387386777,168.63103225971054,169.89855274874657
2_56,172.28157239736885,170.20336717130832,168.709106072293,168.70818389856302,169.9755573848833
2_57,172.35774429424686,170.2799663756653,168.78602623615998,168.7849575108547,170.0521736042317
2_58,172.43248236685355,170.35516197410456,168.86156181126753,168.86033888303098,170.12738625881414
2_59,172.5047219987762,170.4278847313537,168.93464024950495,168.9332563824078,170.20012584051065
2_60,172.5738687796815,170.49753292069522,169.00465485676517,169.00310510174813,170.2697904147225
2_61,172.6401100468244,170.56428934216197,169.07178555705448,169.0700659924196,170.33656273461511
2_62,172.70440027704123,170.62910975548704,169.1369893567936,169.13509540075634,170.40139869751954
2_63,172.76814289342778,170.69340443450199,169.201681637948,169.1996064196549,170.46570884638317
2_64,172.83271207467106,170.7585569296158,169.26725273369556,169.26498638120304,170.53087702979636
2_65,172.89900993854263,170.82547694853196,169.3346177824144,169.3321480288042,170.5978131745733
2_66,172.967222231444,170.89435238429365,169.40396621311436,169.4012801371091,170.66670524149026
2_67,173.03683897521628,170.96466839110664,169.47477976237155,169.47186601991254,170.73703828715176
2_68,173.1068914282975,171.0354452767388,169.54607106053155,169.54292182262992,170.80783239704942
2_69,173.17627579200132,171.1055649328908,169.61671199649086,169.61332402317257,170.8779691861389
2_70,173.24402092428173,171.17404169545455,169.68570678736052,169.68208149841942,170.94646272637902
2_71,173.30940968540742,171.24014596075688,169.7523171737166,169.7484599915867,171.01258320286692
2_72,173.37194696357764,171.30337297235675,169.8160317209174,169.8119511667235,171.0758257058938
2_73,173.43123707146015,171.36331966188726,169.87644225453676,169.87214921974908,171.1357870519083
2_74,173.48685906274466,171.4195588343061,169.9331172453285,169.92862462503876,171.1920399418545
2_75,173.53830820786843,171.47157974503418,169.98554175820624,169.980864372348,171.24407352086422
2_76,173.58502573602541,171.51881765553696,170.03314688473745,170.02830145882012,171.29132293377998
2_77,173.62649429699977,171.56074983363746,170.07540613012506,170.07041110254156,171.33326534082596
2_78,173.66235257235982,171.59701108873017,170.1119516035498,170.10682663574255,171.3695354750956
2_79,173.69248349738797,171.62748285136368,170.14266370289369,170.13742891433327,171.40001474149466
2_80,173.71704897135075,171.65232832870512,170.1677065827246,170.1623816441501,171.42486638173264
2_81,173.73646734927908,171.6719698981879,170.18750547709743,170.1821087373761,171.4445128654851
2_82,173.75134820103384,171.68702330072338,170.20268049285536,170.19722829003703,171.4595700711624
2_83,173.762407106974,171.6982116021633,170.21395998299846,170.20846622548964,171.47076122940638
2_84,173.77038223098236,171.70628088799694,170.22209562300202,170.21657165430236,171.47883259907093
2_85,173.7759676683988,171.71193286455596,170.22779448683687,170.22224919066144,171.48448605261325
2_86,173.77977020478502,171.71578109762402,170.23167492015358,170.22611499235379,171.48833530372912
2_87,173.78228911545997,171.71833053597226,170.23424587029618,170.22867617860433,171.49088542508318
2_88,173.78391433021724,171.71997560799136,170.23590493566095,170.23032890022859,171.4925309435245
2_89,173.78493668269905,171.72101054920407,170.23694874871154,170.23136869648212,171.4935661692742
2_90,173.78556431707906,171.72164596929179,170.23758965622542,170.23200712290424,171.4942017663751
2_91,173.78594070862718,171.72202706275652,170.23797406400163,170.2323900343029,171.49458296742205
2_92,173.78616140494125,171.72225053434778,170.2381994920975,170.23261458039843,171.49480650294623
2_93,173.786288038904,171.72237877071112,170.23832885828128,170.23274343806696,171.49493477649082
2_94,173.78635920372446,171.72245084132973,170.23840156766445,170.23281586043237,171.49500686828776
3_0,173.6928381667523,171.69155714187292,170.1910758759721,170.34950677259,171.4812444892968
3_1,173.6080028822428,171.66322901783343,170.15312561177973,170.35662516378366,171.4452456689099
3_2,173.53396578847412,171.61078276098718,170.10790729545369,170.36476746008645,171.40435582625034
3_3,173.48146509772772,171.55621467763197,170.0818271064357,170.39189465882112,171.37785038515412
3_4,173.48971788614745,171.5463813409458,170.08013736638216,170.43327895289272,171.38737888659202
3_5,173.54158688349597,171.58204091273117,170.1000794562289,170.4769827886102,171.42517251026658
3_6,173.60417078014018,171.6406587052396,170.12407383886807,170.52780777613953,171.47417777509685
3_7,173.65935298126075,171.7087811693383,170.14058397098182,170.58097980543351,171.5224244817536
3_8,173.70129881079225,171.77481671424817,170.14756380803726,170.6265280981453,171.56255185780574
3_9,173.7281311102543,171.8273834785958,170.14594025391517,170.6570912338733,171.58963651915965
3_10,173.73978139326758,171.86003723500178,170.13674403508617,170.67063158523345,171.60179856214722
3_11,173.7390429123163,171.8737150256422,170.12214631268293,170.67025220470586,171.60128911383683
3_12,173.73242270372162,171.87582462370844,170.1070501330461,170.66325371266868,171.5946377932862
3_13,173.7283454502514,171.87653174872185,170.09810946857039,170.65858094563004,171.59039190329344
3_14,173.73380206981327,171.88439870787255,170.1009016188536,170.66345377518994,171.59563904293236
3_15,173.75179560418343,171.90353167899667,170.1175040740124,170.68096119861323,171.6134481389514
3_16,173.78093606914322,171.93319377762768,170.14596393799496,170.70972846179203,171.64245556163948
3_17,173.81676130070295,171.96924594112096,170.1814568190323,170.74525700616616,171.6781802667556
3_18,173.85361686470645,172.00615992908442,170.21807739675728,170.78182595179902,171.71492003558677
3_19,173.88637097050434,172.0388395099672,170.2505285440982,170.81423771822574,171.74749418569888
3_20,173.91175836406723,172.0640310701701,170.27546140370265,170.839186820779,171.77260941467975
3_21,173.92913015334096,172.08110539596692,170.2922180376138,170.85602022853962,171.78961845386533
3_22,173.9403642806226,172.09197569447196,170.3027233918398,170.8666438214778,171.80042679710306
3_23,173.9490008447376,172.10022626295824,170.31059297242453,170.87464362332423,171.80861592586115
3_24,173.958978109554,172.1098370065534,170.3198404924823,170.88400497161552,171.8181651450513
3_25,173.9733982683684,172.12393988839244,170.33362323764229,170.89786554024622,171.83220673366236
3_26,173.99364896689053,172.14393618960625,170.35335445260785,170.9176310424106,171.8521426628788
3_27,174.0190950687336,172.16918861905665,170.37839537458674,170.94266702457074,171.87733652173694
3_28,174.0474269634454,172.19737335531167,170.40641039043712,170.97065105898403,171.90546544204454
3_29,174.07555327129597,172.22537915690185,170.43427159971247,170.99847216579215,171.9334190484256
3_30,174.10070580912367,172.25042038550808,170.45917873979892,171.02334445133246,171.95841234644078
3_31,174.121323444878,172.27092827205632,170.4795568824964,171.04369935255434,171.97887698799627
3_32,174.13739094636745,172.2868935635522,170.4954024741213,171.05952925479693,171.99480405970945
3_33,174.1501721529528,172.29959805349273,170.50801355053648,171.07211937932894,172.00747578407774
3_34,174.16153415876656,172.31093229962173,170.5193018536702,171.08336488210276,172.0187832985403
3_35,174.17317948808045,172.32261926104098,170.53100892352572,171.09499306836904,172.03045018525404
3_36,174.18606623356968,172.33562719017533,170.54411246980098,171.10797465880518,172.0434451380878
3_37,174.20016942726423,172.3499274652089,170.55858090856734,171.1222804659885,172.05773956675725
3_38,174.21459972098992,172.36461416058725,170.57349358141153,171.13700070122874,172.07242704105437
3_39,174.22799047125656,172.37829562045735,170.587436244514,171.15073721864587,172.08611488871844
3_40,174.23900232513074,172.3896053776618,170.59901763376917,171.1621157595838,172.09743527403637
3_41,174.2467777253234,172.39766285799433,170.60733577540344,171.17024819194978,172.10550613766773
3_42,174.2512080586738,172.40234495334641,170.61225363527993,171.17500538383476,172.11020300778372
3_43,174.25294589380374,172.40429996843565,170.61441473580206,171.17703190003644,172.11217312451947
3_44,174.25318130321952,172.4047228364184,170.61501751122393,171.17752129697416,172.11261073695903
3_45,174.25327438998406,172.40498438765917,170.6154417518489,171.17784488207724,172.11288635289233
3_46,174.2543720875143,172.40624390912578,170.61685740545653,171.17916340970362,172.11415920295005
3_47,174.25712838863708,172.40916545662193,170.6199373671064,171.1821424783544,172.11709342267997
3_48,174.26160199731834,172.41381297847533,170.62475028262352,171.18684696273152,172.12175305528717
3_49,174.26734271458972,172.4197361003622,170.63084571833267,171.1928264987947,172.12768775801982
3_50,174.27361887806043,172.4261987895777,170.63748384718042,171.19934426298263,172.1341614444503
3_51,174.27970024058803,172.43246463726237,170.64392282799935,171.20566267205322,172.14043759447574
3_52,174.28510306490125,172.43804460219576,170.64966889512792,171.21129165346377,172.14602705392218
3_53,174.28972621107386,172.44283510192616,170.65461624610546,171.2161271705457,172.1508261824128
3_54,174.29384884457477,172.44711650907894,170.65904626725998,171.22044991796676,172.15511538472012
3_55,174.2980069583416,172.45142913936277,170.66350307598296,171.22480122938265,172.1594351007675
3_56,174.30280191595267,172.45638026874994,170.6685992007908,171.2297897891757,172.16439279366728
3_57,174.30870927125108,172.4624510405587,170.67482079299484,171.23589813139887,172.17046980905087
3_58,174.3159476452079,172.46986369525004,170.68239338303698,171.2433495002516,172.17788855593662
3_59,174.32444085331127,172.47854280215694,170.69124229786823,171.25206886346078,172.1865737041993
3_60,174.33387255272143,172.48816995020255,170.70104737076866,171.26173758579262,172.19620686487133
3_61,174.34380337329569,172.4983017310494,170.71136166770415,171.27191157597656,172.20634458700644
3_62,174.3538047857963,172.50850490184715,170.72174779587863,171.28215671921726,172.21655355068484
3_63,174.3635651788477,172.5184637439778,170.7318864064102,171.29215651312458,172.2265179605901
3_64,174.37293906387958,172.52803014806034,170.74162707238006,171.30176234998353,172.23608965857588
3_65,174.38193298781124,172.53720979589528,170.75097472204763,171.3109797665323,172.24527431807164
3_66,174.39064320852415,172.54609950696036,170.7600267012091,171.31990572799546,172.25416878617227
3_67,174.3991736717508,172.5548044882993,170.76888937862424,171.32864572662626,172.26287831632516
3_68,174.40756511333313,172.5633666105224,170.777605682611,171.3372418819529,172.27144482210485
3_69,174.4157581127657,172.5717268244148,170.78611694204506,171.3456352206789,172.27980927497612
3_70,174.42359875968657,172.57973056717768,170.79426805088758,171.35367102725775,172.2878171012524
3_71,174.43088073992,172.58717000474823,170.80184984159948,171.36114112150526,172.29526042694326
3_72,174.43740692276253,172.59384609170414,170.80866156217905,171.36784602389878,172.30194015013612
3_73,174.44304963290642,172.59962944337937,170.8145722841841,171.373655962582,172.307726830763
3_74,174.44779178241072,172.6045019905685,170.8195630287376,171.37855264773322,172.3126023623625
3_75,174.45173881617242,172.60856921545,170.82373926938232,171.38264157752593,172.31667221963266
3_76,174.45510081274676,172.61204224604558,170.82731302937205,171.3861341376867,172.32014755646276
3_77,174.45815205754224,172.61519715732075,170.83056194726203,171.38930684792138,172.3233045025116
3_78,174.46118000070402,172.61832349314994,170.83377741461786,171.39244979006983,172.3264326746354
3_79,174.4644361724459,172.62167471328718,170.83721460672294,171.39581694971744,172.32978561054335
3_80,174.4680990346055,172.62543066310937,170.84105461050257,171.39958859484284,172.33354322576506
3_81,174.4722543041188,172.62967767875503,170.84538433172295,171.40385132185045,172.3377919091118
3_82,174.47689353320354,172.63440713574332,170.85019501134943,171.40859658402331,172.34252306607988
3_83,174.48192788813074,172.63952935815908,170.855396246981,171.41373461641575,172.34764702742166
3_84,174.48721179164494,172.6448974973841,170.8608400790208,171.4191183561735,172.35301693105583
3_85,174.49257047730643,172.65033536182676,170.86634906380974,171.42457132676336,172.35845655742656
3_86,174.49782622472787,172.65566390688497,170.8717429897535,171.429914182973,172.36378682608483
3_87,174.50281957285145,172.6607226409294,170.8768604551806,171.43498616309645,172.36884720801447
3_88,174.50742359880005,172.66538401570511,170.88157335897083,171.43965951137702,172.37351012121326
3_89,174.51155097253599,172.6695605122162,170.88579401542992,171.4438465803513,172.37768802013335
3_90,174.51515469559249,172.673205345241,170.88947582952673,171.44750053782556,172.38133410204645
3_91,174.51822411823798,172.67630840273938,170.89260916806293,171.45061129812817,172.38443824679212
3_92,174.5207780455232,172.67888925331914,170.89521428006796,171.45319851482992,172.38702002343507
3_93,174.5228566056082,172.68098891437617,170.89733297612193,171.45530333133053,172.3891204568592
3_94,174.52451320511807,172.6826617191925,170.8990204169802,171.4569802306034,172.39079389297353
3_95,174.525807465684,172.68396818464066,170.90033791988702,171.45828988776645,172.39210086449455
3_96,174.5267996208041,172.68496936093288,170.90134726614846,171.45929350798363,172.39310243896728
3_97,174.5275465120412,172.6857228010064,170.90210664636058,171.46004878757546,172.39385618674592
3_98,174.528099083232,172.68628004461408,170.90266813521023,171.46060739315243,172.3944136640522
3_99,174.52850113006198,172.68668537001707,170.90307644481524,171.46101371110166,172.394819163999
3_100,174.52878900379955,172.68697550771458,170.90336864717608,171.46130456117243,172.39510942996566
3_101,174.52899196926555,172.68718001258773,170.90357455883023,171.46150956986236,172.39531402763646
4_0,174.66465329303927,172.70102502913628,170.96748198274275,171.47029334542933,172.4508634125869
4_1,174.77511216933965,172.75402467766077,171.04321976540342,171.49423219526034,172.51664720191604
4_2,174.88814854725854,172.81658909905394,171.12535618912733,171.53596491087853,172.5915146865796
4_3,174.98610982104606,172.8912534676518,171.18990753840558,171.56945862129513,172.65918236209964
4_4,175.04152258252958,172.94855791185975,171.22614979534214,171.59031224464164,172.70163563359327
4_5,175.0619618482956,172.97492673867444,171.2432831427795,171.60110924173543,172.72032024287125
4_6,175.05718692779584,172.97386506050378,171.2468131703797,171.60193036865036,172.7199488818324
4_7,175.03345048069454,172.95258583405823,171.2386686130254,171.59163395614223,172.7040847209801
4_8,174.99944402067194,172.9208506471828,171.22359498567045,171.57345748725047,172.6793367851939
4_9,174.96655453272248,172.8902170455811,171.20963413254225,171.555198343819,172.65540101366622
4_10,174.94491288503622,172.87069566055519,171.20467539668326,171.54528293172118,172.64139171849897
4_11,174.9400838889101,172.8677712879043,171.21328070573492,171.5490056535532,172.64253538402562
4_12,174.9521896100619,172.8815493360372,171.2355184877852,171.5669821958759,172.65905990744005
4_13,174.97697026881195,172.9077718071439,171.26759194052846,171.59566784750058,172.68700046599622
4_14,175.00772485586185,172.93973270820507,171.30341866233928,171.62899486802831,172.71996777360863
4_15,175.0373342188435,172.9702975899355,171.3364406374081,171.66028946985378,172.7510904790102
4_16,175.05997620621213,172.99362836872913,171.3612653002062,171.68399961178957,172.77471737173425
4_17,175.07232037304547,173.00639385589358,171.37487598367647,171.69695253673373,172.7876356873373
4_18,175.07401766084604,173.0082720917966,171.3771692205648,171.6989087754246,172.789591937158
4_19,175.06739572654698,173.001647470892,171.3706878137062,171.69229774016725,172.7830071878281
4_20,175.0564880868993,172.99062967614083,171.359662264221,171.68125864045874,172.77200966692996
4_21,175.04574426243434,172.97974665960103,171.34871265129058,171.6703426292151,172.76113655063529
4_22,175.0388386462726,172.972736672037,171.34164201932566,171.66330653619738,172.75413096845816
4_23,175.03788465676834,172.97175159064656,171.34063979241137,171.66231496646424,172.7531477515726
4_24,175.04316538302956,172.97708506241608,171.34601246462935,171.66766724447862,172.7584825386384
4_25,175.0533313214355,172.98737512891557,171.35639205817657,171.67800027520164,172.7687746959323
4_26,175.06593413101612,173.00014733113395,171.36928715030047,171.69083346567754,172.781550519532
4_27,175.0781367208654,173.01253517486236,171.3818113666721,171.7032919371985,172.79394379989958
4_28,175.08743089210043,173.02200638230207,171.39141601380354,171.71283553328536,172.80342220537284
4_29,175.09220084854906,173.0269316192189,171.39646254317844,171.71782954947454,172.80835614010525
4_30,175.09200943416081,173.02687211794048,171.39651109537508,171.71783322089146,172.80830646709194
4_31,175.08755826299313,173.02253784825606,171.39227723575945,171.71355763366782,172.80398274516912
4_32,175.08036364814674,173.01545921918657,171.38530069438642,171.70653634793084,172.79691497741265
4_33,175.07226535792051,173.00749069393416,171.37744546005638,171.69862755922514,172.78895726778404
4_34,175.0649193430893,173.00029881087863,171.37038463942605,171.69150073609543,172.78177588237236
4_35,175.05941172953965,172.99497299533584,171.36520918134119,171.6862464611105,172.7764600918318
4_36,175.05608040881305,172.9918461260713,171.36224782795784,171.68319662195753,172.77334274619994
4_37,175.0545629970979,172.9905436937677,171.36111715201122,171.6819737998017,172.77204941066964
4_38,175.05402702765977,172.99021694084033,171.3609567371376,171.6817251081846,172.77173145345557
4_39,175.05349597869818,172.98987271907768,171.36076165249682,171.6814529911707,172.77139583536083
4_40,175.05217106645028,172.98869898319356,171.3597104619954,171.68034164616444,172.7702305394509
4_41,175.0496631743994,172.98629939995857,171.3574016525864,171.6779923358685,172.76783914070324
4_42,175.0460842966078,172.98278589524446,171.35394693285969,171.67451627837553,172.76433335077186
4_43,175.04199157973204,172.9787221108335,171.34991429786336,171.6704780546834,172.76027651077808
4_44,175.03821683469087,172.9749509531029,171.34615424942794,171.66672277700624,172.756511203557
4_45,175.03564031255084,172.97236563706662,171.343568982813,171.66414654918103,172.75393037040286
4_46,175.03497464494023,172.97169084683298,171.342891645207,171.6634769962474,172.7532585333069
4_47,175.0366138100097,172.9733295163632,171.3445316051839,171.66511951201636,172.7548986108933
4_48,175.04057812848185,172.97730665476678,171.34851744546594,171.66910075129056,172.7588757450013
4_49,175.04655754689054,172.98331259819108,171.35454015255266,171.6751117910831,172.76488052217934
4_50,175.05402992946674,172.99082224912823,171.36207296298014,171.6826275021607,172.77238816093396
4_51,175.0624149208001,172.99925049566434,171.3705278146489,171.69106225498837,172.78081387152542
4_52,175.07122005997275,173.00810002962086,171.3794043124044,171.69991808433758,172.7896606215839
4_53,175.08014355494223,173.01706554216284,171.38839489413056,171.7088891963362,172.79862329689297
4_54,175.0891138852679,173.02607416595862,171.39742585964305,171.71790261503497,172.80762913147612
4_55,175.0982650359512,173.03526085309335,171.40663286853663,171.7270936228853,172.8168130951166
4_56,175.10786250447705,173.04489390399732,171.41628616565484,171.7367312161472,172.8264434475691
4_57,175.11820542504265,173.05527620624545,171.4266912340013,171.74711917321602,172.83682300962636
4_58,175.12953250381662,173.06665015974878,171.43809304101714,171.75850077029784,172.8481941187201
4_59,175.141954496277,173.07912928967056,171.45060706320004,171.77099020514044,172.860670263572
4_60,175.15542600339916,173.09266951633248,171.46419019130863,171.7845437436769,172.8742073636793
4_61,175.16975766576067,173.10708123968118,171.47865273047807,171.7989717694071,172.88861585133176
4_62,175.1846596081859,173.12207305332754,171.4937022882228,171.81398254721796,172.90360437423857
4_63,175.19980060527763,173.13731143218354,171.50900381118657,171.8292420214029,172.91883946751267
4_64,175.21486595356419,173.15247920993923,171.524238472967,171.8444324281779,172.93400401616208
4_65,175.22960010673782,173.16731873963874,171.53914719509422,171.85929557920622,172.94884040516925
4_66,175.24382630466548,173.1816518513644,171.5535508344104,171.87365290207578,172.96317047312903
4_67,175.25744266912227,173.19537603221954,171.5673464274831,171.88740164941356,172.97689169455964
4_68,175.27040053058295,173.20844261566705,171.58048529248325,171.90049306606724,172.98995537620013
4_69,175.28267460071305,173.22082667154203,171.59294273048627,171.9129022210002,173.0023365559354
4_70,175.29423535927125,173.23249906829022,171.604689867085,171.92459999791927,173.01400607314142
4_71,175.30503191286843,173.24340906341186,171.6156760576685,171.93553562338806,173.0249131643342
4_72,175.31498954108477,173.25348170673982,171.62582618913063,171.94563403414796,173.0349828677758
4_73,175.3240214750303,173.26262962718326,171.63505246751646,171.95480766195664,173.04412780792165
4_74,175.33205044191374,173.27077471729132,171.6432761943545,171.96297814771572,173.0522698753188
4_75,175.33903310493804,173.2778727913918,171.65045257204181,171.97010104967688,173.05936487951215
4_76,175.34498014896718,173.28393389766651,171.65659117138358,171.97618621051188,173.0654228571323
4_77,175.3499662669129,173.28903247237923,171.6617662038415,171.981307955755,173.07051822472215
4_78,175.35412710263265,173.29330434535441,171.66611357499983,171.98560212085647,173.07478678596084
4_79,175.35764347912166,173.29693090865436,171.66981501860553,171.98925021335876,173.07840990493509
4_80,175.36071615880408,173.3001137097144,171.67307258110347,171.99245397315943,173.08158910569534
4_81,175.3635363134881,173.30304468604194,171.67607869972866,171.99540555576232,173.08451631375527
4_82,175.36625750672462,173.30587789748455,171.6789877658575,171.99825920606244,173.08734559403229
4_83,175.368974331431,173.3087079527435,171.6818944068417,172.00110963172122,173.09017158068434
4_84,175.37171120165283,173.31155867165742,171.6848220572326,172.00398062813758,173.0930181396701
4_85,175.37442263776293,173.31438334619352,171.6877231990925,172.0068253245545,173.09583862690084
4_86,175.37700421459272,173.31707577145048,171.69049044474448,172.00953722442173,173.09852691380235
4_87,175.37931158929257,173.31948944548517,171.69297584932366,172.01196943604685,173.10093658003706
4_88,175.38118396316509,173.3214612601321,171.6950147540903,172.01395840940233,173.10290459669744
4_89,175.38246805001873,173.32283571678465,171.6964501685883,172.01534820482453,173.10427553505406
4_90,175.38303904714095,173.32348612579986,171.69715412492292,172.01601174380835,173.10492276041802
4_91,175.38281603944628,173.32333018997596,171.69704338396318,172.01586643513005,173.10476401212887
4_92,175.38177046128757,173.32233857765925,171.6960880858118,172.01488277688114,173.10376997540993
4_93,175.37992744527614,173.32053630829344,171.69431316249245,172.01308575493476,173.1019656677492
4_94,175.37736090340087,173.3179978004851,171.6917933657659,172.01054988821076,173.09942548946566
4_95,175.37418388758644,173.3148371431021,171.6886434793437,172.00738948364315,173.09626349841884
4_96,175.37053611964225,173.3111954977824,171.6850056361757,172.0037460129726,173.09262081664326
4_97,175.3665705886852,173.30722755083372,171.68103567221533,171.99977453366108,173.08865208634882
4_98,175.36244086043365,173.30308867726205,171.67689019187992,171.99563082084427,173.08451263760497
4_99,175.35829032412425,173.29892405735652,171.67271559570742,171.99146045426028,173.0803476078621
4_100,175.35424411793625,173.29486049663137,171.66863982789963,171.98739061348155,173.0762837639872
4_101,175.35040400657442,173.29100122777234,171.66476712596247,171.98352486153985,173.07242430546228
4_102,175.34684609464406,173.2874235788512,171.66117565728933,171.9799408016383,173.06884653310573
4_103,175.34362097913942,173.28417910838968,171.65791764153116,171.97669020713582,173.065601984049
4_104,175.34075578172516,173.28129564301798,171.65502139122725,171.97380105958038,173.0627184688877
4_105,175.33825744578144,173.27878059670917,171.65249464564974,171.97128087248382,173.06020339015603
4_106,175.336116711968,173.27662497925502,171.65032860139428,171.96912070712585,173.0580477499358
4_107,175.3343122720438,173.27480758822796,171.6485021302053,171.96729937333757,173.05623034095368
4_108,175.3328147170187,173.2732989960298,171.64698579255796,171.96578742577364,173.05472173284502
4_109,175.3315900197699,173.272065068881,171.64574538157348,171.96455069169397,173.05348779047958
4_110,175.33060240731632,173.27106987084292,171.644744848887,171.96355318278538,173.0524925774579
4_111,175.32981657369524,173.27027790275076,171.64394856158034,171.96275934058835,173.05170059465368
4_112,175.3291992561273,173.269655698498,171.64332291242178,171.96213563786077,173.05107837622697
4_113,175.32872024464135,173.26917284918395,171.64283735413338,171.96165160643514,173.05059551359844
4_114,175.32835292125102,173.26880255191878,171.64246495494558,171.96128038850904,173.0502252041561
4_115,175.32807443343015,173.26852178891647,171.64218258166468,171.96099891719948,173.0499444303027
5_0,175.2466982823229,173.23788331736935,171.6296445840151,171.91475629452563,173.00724561955826
5_1,175.16386098630272,173.21247182468247,171.58812413257434,171.87968717741532,172.96103603024372
5_2,175.09383147699035,173.19884807278214,171.53750462056087,171.83957969702223,172.9174409668389
5_3,175.03547366120452,173.18204850591036,171.49624467233744,171.80921479167597,172.88074540778206
5_4,174.99020267026495,173.1638519122029,171.4731560367353,171.79319988358586,172.85510262569727
5_5,174.9558162850419,173.14950510952684,171.46755838019175,171.78919618257163,172.84051898933302
5_6,174.93450949228148,173.14304594891854,171.47587523309895,171.7943926636983,172.83695583449932
5_7,174.9302618543767,173.14641561894987,171.49512416889064,171.80791005907727,172.84492792532362
5_8,174.94319692372812,173.1584319078841,171.52195647850266,171.82858981631625,172.8630437816078
5_9,174.9683148818809,173.1751821986581,171.5518066540002,171.85334262709935,172.88716159040962
5_10,174.9979787701548,173.19174503493883,171.57963295060918,171.8777163048887,172.91176826514788
5_11,175.02502355380582,173.2039417132452,171.60125228102874,171.8974600191895,172.9319193918173
5_12,175.04463857625902,173.209297522706,171.614228879365,171.90974642641567,172.94447785118643
5_13,175.0548394815108,173.20720854064695,171.61806903755593,171.91362716284345,172.9484360556393
5_14,175.05608232942257,173.19866379917204,171.61395473458026,171.90990747354917,172.944652084181
5_15,175.05055111174943,173.18580562043172,171.60428064157819,171.90072749974922,172.93534121837715
5_16,175.0413820405749,173.17142684700636,171.59211234773224,171.88900965351377,172.9234827222068
5_17,175.0319062783314,173.15841449024276,171.5805946120511,171.87783541887154,172.9121876998742
5_18,175.024965553448,173.14918306329335,171.57236164275199,171.8698241169882,172.90408359412038
5_19,175.02239488579548,173.14520931214722,171.56906160895545,171.8666342369895,172.90082501097191
5_20,175.02477377280414,173.1467944341221,171.57111845908358,171.8687111855447,172.90284946288864
5_21,175.03148935321428,173.15311847614905,171.57779223332736,171.87534007232838,172.9094350337548
5_22,175.04106478615518,173.1625541263998,171.58750215028215,171.8849648092208,172.9190214680145
5_23,175.05163512929448,173.17312926539904,171.59829954385765,171.8956585683807,172.92968062673296
5_24,175.06143162098653,173.183001347512,171.60835195234148,171.9056060699957,172.93959774770894
5_25,175.069160724723,173.19082947703248,171.61632296575016,171.91348227106616,172.94744885964298
5_26,175.07421413807074,173.19597902829793,171.6215820065591,171.918661852056,172.95260925624592
5_27,175.076697211796,173.1985451270516,171.6242302978169,171.92124585580186,172.9551796231166
5_28,175.07730280700585,173.19922152992697,171.62497000901317,171.92193231407995,172.9558566650065
5_29,175.0770820964885,173.19906650892358,171.62486895484477,171.9217828776551,172.955700109478
5_30,175.07717427628376,173.1992281379755,171.62508408838576,171.92194825940845,172.95585869051337
5_31,175.0785553973564,173.20068966813335,171.62660519525505,171.92341352018906,172.95731594523346
5_32,175.08185439929636,173.2040833942544,171.6300676693437,171.92681183592444,172.96070432470472
5_33,175.08726474447298,173.20960148953048,171.63566305183005,171.93233534547275,172.96621615782658
5_34,175.09455707234036,173.2170090705022,171.64315256648428,171.93974837208427,172.9736167703528
5_35,175.10317698650638,173.2257432789264,171.6519672460098,171.94848677378127,172.98234357130596
5_36,175.11239673796956,173.23506673504056,171.6613627313077,171.9578117171846,172.99165948037557
5_37,175.12148265765748,173.24423680550652,171.67058990367624,171.96697925464716,173.00082215537185
5_38,175.12984202110437,173.25265402143302,171.67904444320882,171.9753889892701,173.00923236875406
5_39,175.13712202501256,173.2599620825385,171.68636758054188,171.98268423275175,173.0165339802112
5_40,175.14324693246556,173.2660853844161,171.69248389806472,171.98878958236344,173.02265144932747
5_41,175.1483939318224,173.27120461898656,171.69757673829415,171.9938864739929,173.027765440774
5_42,175.1529207753679,173.27568362796492,171.7020144835308,171.99833991099746,173.03223969946526
5_43,175.1572664888439,173.27996899216677,171.7062493287152,172.0025978798095,173.03652067238386
5_44,175.16184918283307,173.28448661634658,171.71071297219066,172.00708774348234,173.04103412871316
5_45,175.16698234839296,173.28955691335295,171.71573098779962,172.01213124722207,173.0461003741919
5_46,175.172824224523,173.2953433496214,171.72147076652791,172.01789292280665,173.05188281586976
5_47,175.17936587696218,173.30184009170623,171.7279288406269,172.0243676478847,173.058375614295
5_48,175.1864547347662,173.30889551617042,171.73495436534907,172.03140412843814,173.06542718618095
5_49,175.193843391376,173.31626132890318,171.74229846204105,172.03875404620143,173.07278930713042
5_50,175.20124969582739,173.32365320467184,171.74967525162182,172.0461327692129,173.0801777303335
5_51,175.20841388327173,173.3308085574164,171.75682008933032,172.05327721825134,173.08732993706744
5_52,175.21514126275684,173.33752982768226,171.76353329185218,172.059989256503,173.0940484096986
5_53,175.22132375396595,173.34370647925007,171.7697024759062,172.06615777774084,173.10022262171577
5_54,175.22693903605494,173.34931441468692,171.77530217789985,172.07175819087055,173.1058284548781
5_55,175.2320309862877,173.35439648274703,171.78037442239395,172.0768329680722,173.11090871487522
5_56,175.236678498077,173.3590312030367,171.78499738903832,172.08146038229938,173.11554186811287
5_57,175.24096119026225,173.3632982810541,171.7892507941403,172.08572001236578,173.1198075694556
5_58,175.24492995370835,173.3672489286851,171.79318605114332,172.08966303863392,173.12375699304266
5_59,175.24858814185808,173.3708868572873,171.79680712083785,172.09329320506708,173.12739383126257
5_60,175.25188617591297,173.37416275456326,171.80006489231724,172.09656126634033,173.13066877228346
5_61,175.2547291627261,173.37698185872023,171.8028647202437,172.0993725386487,173.13348707008467
5_62,175.25699448774105,173.3792215837813,171.80508406729027,172.10160451038513,173.13572616229942
5_63,175.25855470848774,173.38075449546537,171.80659553341806,172.10312981179143,173.13725863729064
5_64,175.25930062450394,173.38147147889524,171.80729008913315,172.1038393826284,173.13797539379019
5_65,175.2591600543628,173.38130059523306,171.8070959861327,172.1036613318459,173.13780449189363
5_66,175.25810931365004,173.3802185963799,171.80599029683987,172.102572455349,173.13672266555471
5_67,175.25617624179137,173.3782539345241,171.80400191146686,172.10060124646105,173.13475833356085
5_68,175.2534354348702,173.3754819271777,171.80120665541574,172.09782305882192,173.13198676907137
5_69,175.24999774352014,173.37201415254006,171.79771661274728,172.09434949698317,173.12851950144767
5_70,175.2459968638277,173.36798492634622,171.79366652314786,172.09031488731415,173.12449080015898
5_71,175.24157592228326,173.36353778606744,171.78920019576793,172.08586275705764,173.12004416529408
5_72,175.2368764231797,173.35881437172864,171.78445934397672,172.08113471270178,173.1153212128967
5_73,175.23203099087388,173.35394714852788,171.77957629530144,172.07626316416545,173.11045439971716
5_74,175.2271602570956,173.3490563241078,171.77467093132088,172.07136824803243,173.10556394013918
5_75,175.22237326586665,173.34425032588445,171.76985121783486,172.06655831460142,173.10075828104686
5_76,175.21777008883643,173.33962851651074,171.76521599287727,172.06193265531465,173.0961368133848
5_77,175.21344506532176,173.33528454300512,171.76085839467606,172.05758486404,173.09179321676075
5_78,175.2094892081412,173.33130884181932,171.7568684383278,172.05360535232762,173.08781796015398
5_79,175.20599076587868,173.32778927517253,171.75333370548793,172.05008199215885,173.0842989346745
5_80,175.2030335640843,173.32480951185912,171.7503377535525,172.0470984982852,173.08131983194528
5_81,175.2006934008738,173.3224454257713,171.74795651592657,172.04473082317836,173.07895654143752
5_82,175.19903330065446,173.32076032032586,171.74625350475188,172.04304237346278,173.07727237479872
5_83,175.19809873126883,173.31980009361968,171.74527493778277,172.04207916406847,173.07631323168494
5_84,175.1979139219121,173.319589493898,171.74504594785054,172.0418660615394,173.0761038563
5_85,175.19848019948085,173.320130395333,171.7455688138897,172.0424050484258,173.0766461142823
5_86,175.19977685669846,173.32140261762274,171.74682374447653,172.0436760339362,173.07791981318348
5_87,175.20176457339596,173.32336731718587,171.74877224639272,172.04564023975414,173.07988609418217
5_88,175.20439093669856,173.32597249763748,171.75136262740847,172.0482457091479,173.0824929427231
5_89,175.2075972364192,173.32915981354066,171.7545368056993,172.05143411310772,173.08568199219172
5_90,175.21132550898275,173.33287163517593,171.75823738965002,172.05514782039575,173.08939558855113
5_91,175.2155247897542,173.33705732678874,171.7624139751458,172.05933618271678,173.0935830686014
5_92,175.2201556960129,173.341677852906,171.7670277693611,172.06396014819973,173.09820536661994
5_93,175.22519275776065,173.3467081234581,171.77205394702824,172.06899461262063,173.1032373602169
5_94,175.23062427987128,173.35213685700992,171.77748151534067,172.07442828666808,173.1086677347225
5_95,175.23644989072693,173.35796411582407,171.7833108400675,172.08026123240182,173.1144965197551
5_96,175.24267625048657,173.3641969872531,171.7895493082501,172.08650054331076,173.12073077232515
5_97,175.24931161355477,173.37084410968384,171.7962058282675,172.09315486654657,173.12737910451315
5_98,175.25636004241113,173.3779098453636,171.80328497329504,172.10022857036319,173.13444585785822
5_99,175.26381605274062,173.38538888579305,171.8107815579899,172.1077163433553,173.1419257099697
5_100,175.27166034985655,173.39326195508394,171.81867631773784,172.11559889185065,173.14979937863222
5_101,175.27985712346143,173.40149308264103,171.82693316499459,172.12384020768698,173.158030894696
5_102,175.28835313761894,173.41002868476315,171.83549826435572,172.13238664663555,173.16656668334332
5_103,175.29707862091723,173.4187984610624,171.84430093298965,172.1411678237704,173.17533645968493
5_104,175.30594975830286,173.42771790635666,171.85325616656345,172.15009912654574,173.18425573944216
5_105,175.31487243232388,173.43669208349598,171.86226843452656,172.15908549087789,173.19322961030605
5_106,175.32374676876313,173.44562020880207,171.8712362940808,172.16802599152578,173.20215731579293
5_107,175.33247201129018,173.45440057092384,171.88005734088782,172.1768187670417,173.2109371725359
5_108,175.3409512751333,173.46293532924597,171.88863303985204,172.18536582482508,173.2194713672641
5_109,175.3490957985161,173.47113480710587,171.89687304869386,172.19357734094308,173.22767024881475
5_110,175.35682840749794,173.47892099265192,171.90469874508437,172.20137516702192,173.23545582806406
5_111,175.36408601926334,173.48623007043633,171.91204577899092,172.20869536689196,173.24276430889563
5_112,175.37082111686334,173.49301391570978,171.9188655814138,172.2154897146778,173.24954758216617
5_113,175.37700222396245,173.49924057979177,171.92512585772823,172.22172618257602,173.25577371101463
5_114,175.38261348398197,173.50489387146095,171.93081017094792,172.227388523264,173.26142651241372
5_115,175.38765350056474,173.50997219239136,171.9359167737175,172.23247510507747,173.26650439293778
5_116,175.392133625185,173.514486813917,171.94045687735894,172.2369971874283,173.2710186259723
5_117,175.3960758852135,173.51845979005338,171.9444525540713,172.2409768316338,173.274991265243
5_118,175.39951073572223,173.5219216916807,171.94793445836362,172.24444463232246,173.27845287952226
5_119,175.40247479555725,173.5249093239002,171.9509395308161,172.2474374316843,173.28144027048944
5_120,175.40500869758475,173.52746355773664,171.9535088162685,172.24999614797002,173.28399430488997
5_121,175.40715514903343,173.5296273731004,171.95568549408222,172.25216381534645,173.28615795789062
5_122,175.40895726418225,173.53144417596695,171.95751318395705,172.25398389821535,173.2879746305804
5_123,175.41045720103708,173.53295642185097,171.95903455970645,172.25549891217645,173.28948677369274
5_124,175.41169510786276,173.53420455163402,171.96029027719877,172.2567493577528,173.2907348236121
5_125,175.41270836536543,173.53522622553578,171.96131820225835,172.25777295269074,173.29175643646258
5_126,175.41353109609574,173.53605582664665,171.96215290983886,172.25860413424368,173.29258599170623
5_127,175.41419390386974,173.53672419656252,171.962825416827,172.25927379394852,173.29325432780195
5_128,175.41472380191706,173.53725856151866,171.96336310664822,172.25980920324545,173.29378866833235
5_129,175.4151442881279,173.53768260705857,171.9637898034669,172.26023408792196,173.29421269664383
5_130,175.41547552820128,173.5380166617089,171.9641259562104,172.26056881179414,173.29454673947868
6_0,175.44764846519305,173.55118844531282,171.97346515544714,172.2687068477121,173.3102522284163
6_1,175.49233697783853,173.56323770630735,171.9860872645738,172.27766112352424,173.329830768061
6_2,175.52962448820324,173.56968626529212,172.00502906665943,172.2822386521333,173.34664461807202
6_3,175.55729804816104,173.571572923619,172.02187085614554,172.28162853636883,173.3580925910736
6_4,175.57848674783347,173.57342911485753,172.03132478901145,172.27581711435627,173.3647644415147
6_5,175.59701309832337,173.57700395580486,172.03194047195421,172.26489831847246,173.36771396113872
6_6,175.6143124030074,173.58100208450836,172.0250140798661,172.24999451879847,173.36758077154508
6_7,175.62937260058854,173.58333572792588,172.01304898127358,172.2329067723246,173.36466602052815
6_8,175.64057831169723,173.58297907542453,171.99879551728665,172.21556016264196,173.3594782667626
6_9,175.64725048203795,173.5804125857976,171.9847537680546,172.19966981373616,173.35302166240658
6_10,175.65000767658253,173.57705006317073,171.97286196506346,172.18654193376173,173.3466154096446
6_11,175.6502920526028,173.57442189624248,171.96431915012252,172.17695703567912,173.34149753366174
6_12,175.64969863441596,173.57361900840434,171.95957769556912,172.17115736291788,173.33851317532685
6_13,175.6494987085621,173.5751108591591,171.95848273392923,172.1689341559703,173.3380066144052
6_14,175.65043957224952,173.57881885897413,171.96047410898154,172.16976251038423,173.33987376264736
6_15,175.65274266008558,173.58428423389307,171.96476929542362,172.17292705094565,173.34368081008697
6_16,175.65620089490457,173.5908294541533,171.97049229052251,172.17761405477583,173.34878417358905
6_17,175.66031342417332,173.5976843872652,171.9767581256975,172.18297917965393,173.35443377919748
6_18,175.66443099505238,173.60408730072035,171.9827396053111,172.18821155998606,173.35986736526746
6_19,175.66789856510644,173.60937454262069,171.98773392243174,172.19260526848507,173.36440307466097
6_20,175.67018030828498,173.61305927762007,171.99122790155855,172.19563177110544,173.36752481464228
6_21,175.67094927463145,173.61488733470833,171.9929469041467,172.19699541289606,173.36894473159563
6_22,175.67012751909783,173.61485606705057,171.99287061325342,172.19665393234547,173.36862703293684
6_23,175.66787274096993,173.61318971812818,171.99120731039383,172.19479552558428,173.36676632376904
6_24,175.66451988788685,173.61027656712582,171.98833078145557,172.1917770307162,173.36372606679612
6_25,175.66049570437391,173.60658305580876,171.98469446288348,172.18803839064321,173.35995290342734
6_26,175.65622788855867,173.60256455582555,171.9807422453011,172.18401326057588,173.3558869875653
6_27,175.65206820760352,173.5985908808936,171.97683399133706,172.18005410496374,173.3518867961995
6_28,175.64824248351607,173.5948987842897,171.97319804139522,172.17638420609168,173.34818087882317
6_29,175.64483240141755,173.59157608177262,171.9699153875928,172.1730813260776,173.34485129921515
6_30,175.64178687819987,173.58857501051497,171.96693313499406,172.17009066527675,173.34184642224642
6_31,175.6389556452202,173.58574742560955,171.9640998209261,172.1672597054319,173.33901564929693
6_32,175.6361351952322,173.58289195777783,171.9612126593504,172.16438502763154,173.336156209998
6_33,175.6331170759039,173.5798031034252,171.95806662188946,172.16126104350587,173.3330619611811
6_34,175.62973006077067,173.57631378949827,171.95449685714328,172.1577221641018,173.3295657178785
6_35,175.6258702750571,173.57232553330977,171.9504085593117,172.15367252878153,173.32556922411504
6_36,175.62151625630807,173.56782325158278,171.9457913646157,172.14910036885541,173.3210578103405
6_37,175.6167286991675,173.56287456507653,171.94071817162316,172.14407688413226,173.31609957999987
6_38,175.6116369416179,173.55761576090597,171.9353306094706,172.1387418287591,173.31083128518839
6_39,175.60641590241354,173.55222821882748,171.92981502010488,172.133279641147,173.3054346956232
6_40,175.60125808472316,173.54690999201378,171.9243736916747,172.1278908257383,173.30010814853748
6_41,175.59634540977171,173.54184735354482,171.91919618136066,172.12276340160247,173.29503808656992
6_42,175.5918251023254,173.53719054888037,171.9144349742705,172.11804864936568,173.29037481871052
6_43,175.58779275632247,173.5330368759461,171.91018858858286,172.11384425998412,173.28621562020888
6_44,175.58428426772736,173.52942275494553,171.90649376504174,172.11018652418352,173.28259682797454
6_45,175.58127677868762,173.52632489638273,171.90332681865326,172.1070516467444,173.27949503511698
6_46,175.5786973828784,173.52366927800085,171.90061283139795,172.10436487436976,173.27683609166178
6_47,175.57643730820587,173.521345609611,171.89824033589548,172.10201509865135,173.27450958809092
6_48,175.5743687542727,173.51922443184043,171.89607861252347,172.09987206821245,173.27238596671228
6_49,175.57236155371157,173.51717399458096,171.89399472909957,172.09780334936104,173.27033340668828
6_50,175.5702972853692,173.51507452874063,171.89186792720903,172.09568864725156,173.26823209714263
6_51,175.56807925268274,173.51282831904928,171.88959976010247,172.09342989750462,173.26598430733478
6_52,175.56563766986497,173.5103649227907,171.88711932992635,172.0909564780065,173.2635196001471
6_53,175.56293028769431,173.50764177480926,171.88438387191846,172.0882257876267,173.2607954305122
6_54,175.55993938960407,173.50464112238626,171.88137563932514,172.0852201424064,173.2577940734305
6_55,175.55666650469817,173.5013646517205,171.87809646224193,172.08194135768278,173.25451724408586
6_56,175.5531262906346,173.49782727417153,171.87456145982478,172.07840449021427,173.2509798787113
6_57,175.54934086990372,173.49405136929826,171.87079321277074,172.0746320420175,173.24720437349754
6_58,175.545335536066,173.49006241171725,171.86681733063543,172.07064955617554,173.24321620864856
6_59,175.5411362827084,173.48588644120625,171.86265987816338,172.06648306580288,173.23904141697025
6_60,175.5367691482305,173.4815493719319,171.8583466584264,172.06215839243976,173.23470589275715
6_61,175.53226099700547,173.47707776065303,171.85390397204134,172.05770191299402,173.23023616067346
6_62,175.52764112495422,173.47250041863,171.8493602347377,172.05314217840862,173.22566098918264
6_63,175.52294300374484,173.467850176589,171.84474775903118,172.04851169137285,173.22101315768447
6_64,175.51820554957882,173.46316518334208,171.84010407663783,172.0438482214942,173.21633075776325
6_65,175.51347348267362,173.45848929922514,171.83547235909055,172.03919521703057,173.21165758950497
6_66,175.50879658167557,173.45387138467163,171.83090073389175,172.034601111758,173.20704245299925
6_67,175.50422788072078,173.4493635290649,171.8264405393001,172.03011757080475,173.20253737997263
6_68,175.49982106069314,173.44501847016954,171.8221437669553,172.02579692489962,173.1981950556794
6_69,175.49562741955003,173.44088658884337,171.8180600767294,172.02168917730256,173.19406581560634
6_70,175.49169285588073,173.43701291370647,171.8142338186884,172.0178390179909,173.19019465156663
6_71,175.4880552683944,173.43343453922125,171.8107014660443,172.01428324867425,173.18661863058355
6_72,175.4847426786441,173.4301787651117,171.8074897674112,172.01104892679706,173.18336503449103
6_73,175.48177225019893,173.4272621305617,171.80461479196697,172.00815240222735,173.18045039373874
6_74,175.47915023268277,173.42469037134595,171.8020818955342,172.00559927500845,173.17788044364283
6_75,175.47687272905156,173.42245919755982,171.79988650483818,172.00338517201322,173.17565090086566
6_76,175.4749270882552,173.42055569312527,171.7980155205502,172.00149714380333,173.1737488614335
6_77,175.4732936734072,173.41896008620506,171.79644908768114,171.99991543093734,173.17215456955768
6_78,175.47194774918313,173.41764763349408,171.79516247589615,171.99861534283045,173.17084330035095
6_79,175.47086126501344,173.4165903946422,171.79412784591332,171.99756902561373,173.16978713279568
6_80,175.47000437090279,173.41575873390133,171.79331573937267,171.996746956357,173.16895645013346
6_81,175.46934657600985,173.41512245997433,171.79269620383866,171.99611907498706,173.1683210787025
6_82,175.4688575323293,173.41465158774903,171.79223953763446,171.9956555380002,173.16785104892824
6_83,175.468507485397,173.41431676550957,171.7919166993202,171.99532713800284,173.1675170220574
6_84,175.4682674734651,173.41408945084848,171.79169946631376,171.9951054727258,173.16729046583828
7_0,175.45873999496436,173.42188006787526,171.77622121180607,172.01470225487654,173.16788588238055
7_1,175.44559329371833,173.4217243136039,171.7743115017537,172.01664007422806,173.16456729582598
7_2,175.42766742732493,173.42083122931749,171.7743677902165,172.01743093210305,173.16007434474048
7_3,175.4078003634338,173.42201197992645,171.77647126414536,172.02057647889922,173.1567150216012
7_4,175.38725302253218,173.42485891428166,171.78126608185806,172.02652705498897,173.15497626841523
7_5,175.36587525506295,173.4282642075273,171.78861423929226,172.03552193717096,173.15456890976336
7_6,175.34344425546527,173.43180146466756,171.7980322791119,172.04718063309593,173.15511465808515
7_7,175.32056949248474,173.43583143420867,171.80901959340503,172.06041841274492,173.15645973321085
7_8,175.29860768531702,173.44095380447868,171.82106748828951,172.0738761292689,173.15862627683853
7_9,175.2790307001786,173.4474679217005,171.83357142977167,172.08635233370927,173.16160559634
7_10,175.26284701594258,173.45515981195516,171.84582022763013,172.09701521235633,173.16521056697104
7_11,175.25036202535517,173.46339869931154,171.8570837852199,172.10542416282573,173.16906716817812
7_12,175.24125209956196,173.47137727003468,171.86673423820258,172.11145393712872,173.172704386232
7_13,175.23479712344772,173.47834084755175,171.87433379082694,172.11519057857745,173.17566558510097
7_14,175.23012900144795,173.48372810250396,171.87966213010446,172.1168358046596,173.177588759679
7_15,175.22642013067656,173.48721750575774,171.88269375646706,172.1166364418715,173.17824195869323
7_16,175.2229947972635,173.48871056734043,171.88355186519155,172.1148441565499,173.17752534658635
7_17,175.21937713700277,173.4882876398976,171.8824621017258,172.11170235510446,173.17545730843267
7_18,175.2152962783341,173.48615996514692,171.879717166118,172.10745078840526,173.17215604950107
7_19,175.21066492724577,173.48262709006525,171.8756518575798,172.10233567845907,173.16781988833748
7_20,175.2055417341135,173.47803957405284,171.87062272040282,172.09661490329304,173.16270473296555
7_21,175.20008448250545,173.47276435692652,171.86498696705536,172.09055274194037,173.15709713710692
7_22,175.19450039761495,173.46715185247237,171.85907905881436,172.08440447370143,173.15128394565076
7_23,175.18899994417757,173.46150657255575,171.85318714823495,172.0783954790906,173.14552228601474
7_24,175.18375986975317,173.45606467248317,171.84753361215533,172.07270123648675,173.1400148477196
7_25,175.17889945197868,173.45098153708597,171.84226369280776,172.0674338318955,173.13489462844197
7_26,175.17447130910256,173.44633083300275,171.83744444625677,172.06263821527554,173.1302212009094
7_27,175.17046549302884,173.44211424893652,171.83307380480898,172.05829859881857,173.1259880363982
7_28,175.1668235797226,173.43827927140535,171.82909749665558,172.0543530264452,173.1221383435572
7_29,175.16345845073133,173.4347412808444,171.82543034315933,172.05071273844223,173.11858570329431
7_30,175.1602754194365,173.43140609537335,171.82197817505678,172.04728257832278,173.11523556704734
7_31,175.15719105783495,173.42818965846357,171.81865709448533,172.04397912925194,173.11200423500895
7_32,175.15414719642416,173.4250325664033,171.81540775941752,172.04074420026487,173.10883293062747
7_33,175.15111879932576,173.42190827267004,171.8122034845049,172.03755239690483,173.1056957383514
7_34,175.14811554149455,173.41882487219146,171.80905201292185,172.03441257430012,173.102601250227
7_35,175.14517781088372,173.4158212298124,171.80599168111686,172.03136384305952,173.09958864121813
7_36,175.14236847658017,173.41295881755354,171.80308330981956,172.02846741580652,173.09671950493993
7_37,175.13976210285065,173.41031095623939,171.8003994975798,172.02579593169176,173.0940671220904
7_38,175.1374333729736,173.40795123783283,171.7980130838982,172.02342199399962,173.09170492217606
7_39,175.1354463527883,173.40594276924367,171.79598642041344,172.02140753448674,173.08969576923306
7_40,175.13384591731867,173.40432957017381,171.7943627843462,172.01979532066548,173.08808339812603
7_41,175.13265223714842,173.40313102884073,171.79316084122905,172.01860350125685,173.08688690211875
7_42,175.13185873355567,173.40233982945955,171.79237257402377,172.017823600323,173.08609868434053
7_43,175.1314334249977,173.40192327677184,171.79196460643462,172.01742188539836,173.08568579840062
7_44,175.13132316192264,173.4018275154998,171.79188241994763,172.0173436096317,173.08559417675045
7_45,175.1314599310613,173.40198382552617,171.79205664631286,172.01751931209566,173.085754928749
7_46,175.13176823598764,173.4023159985075,171.7924104416107,172.01787218593796,173.08609171551097
8_0,175.09330797729763,173.4003188821589,171.7733096752959,171.987757221452,173.06367343905112
8_1,175.06531879377647,173.39048598692526,171.76113880381436,171.9628273938156,173.04494274458293
8_2,175.04626004864284,173.37565167722929,171.75262391468428,171.938440013953,173.02824391362736
8_3,175.03600556167186,173.3584899188852,171.74510198540827,171.9161521846716,173.01393741265923
8_4,175.0347954877067,173.34138592333505,171.7371661750737,171.89685354923603,173.00255028383788
8_5,175.0422754942308,173.3263107226465,171.72850416148304,171.88049215529247,172.9943956334132
8_6,175.05722260539952,173.31462974333363,171.7195087143776,171.86690775591035,172.98956720475528
8_7,175.07773936366016,173.30699505159413,171.71090818196387,171.85622847032258,172.98796776688516
8_8,175.10161856271128,173.30337407499397,171.70345183447705,171.8487573285184,172.98930045017516
8_9,175.1266899969601,173.3031908601261,171.69767645772848,171.84467459443192,172.99305797731165
8_10,175.15106558387495,173.30552276218074,171.69378013613814,171.84381622084717,172.99854617576025
8_11,175.17326889871939,173.309299091907,171.6916060015124,171.84562178702984,173.00494894479215
8_12,175.19227196737572,173.31346882860188,171.690713438661,171.8492278739893,173.011420527157
8_13,175.20747337598473,173.31712447934933,171.69050021144733,171.8536374102123,173.0171838692484
8_14,175.218647056433,173.31958126103635,171.69033757931754,171.85789764518964,173.02161588549413
8_15,175.2258802239862,173.32041576499623,171.68968781441615,171.86124140665166,173.02430630251254
8_16,175.22950885925619,173.3194696473624,171.68818496465238,171.8631706740692,173.02508353633505
8_17,175.23005302094563,173.31682445891747,171.68567154830427,171.86348054657068,173.0240073936845
8_18,175.22815226535124,173.3127545737336,171.68219371532402,171.86223360021594,173.02133353865622
8_19,175.22450206899967,173.30766615013903,171.6779640776167,171.85970027939715,173.01745814403813
8_20,175.2197936642644,173.30203058880912,171.6733046763551,171.85628202096302,173.0128527375979
8_21,175.2146608386256,173.2963206117974,171.6685828760861,171.85243192704192,173.00799906338776
8_22,175.20963743244792,173.2909557931386,171.66415117250054,171.84858435027394,173.00333218709022
8_23,175.20512847714375,173.2862623494414,171.66029888206543,171.8451007523742,172.9991976152562
8_24,175.2013964520155,173.2824496269265,171.6572202553535,171.84223534156936,172.9958254189662
8_25,175.19856241839594,173.2796033926544,171.65500033131593,171.8401207156625,172.99332171450718
8_26,175.1966201889019,173.27769406635863,171.65361721471166,171.83877125416208,172.99167568103357
8_27,175.1954604706459,173.27659661102985,171.6529576025353,171.83810037870487,172.99077876572898
8_28,175.19490121772816,173.276118010969,171.65284134149545,171.83794699153736,172.9904518904325
8_29,175.1947202601595,173.27602808189872,171.6530504934997,171.83810629325967,172.99047628220438
8_30,175.19468657972882,173.2760896851359,171.65335868054643,171.83836062052268,172.9906238914835
8_31,175.1945872639019,173.27608512291602,171.65355720485584,171.83850676407917,172.99068408893822
8_32,175.19424805122932,173.27583642688452,171.65347542103964,171.83837726315136,172.9904842905762
8_33,175.19354635199267,173.27521827475758,171.65299391569184,171.8378542758291,172.98990320456778
9_0,175.2228208385118,173.28718644596282,171.67010371768546,171.84247383941684,173.00564621039422
9_1,175.24214243928753,173.3004743558482,171.68173631367924,171.8552530655562,173.0199015435928
9_2,175.25644821974444,173.31313376467563,171.68828801866286,171.87072903502636,173.03214975952733
9_3,175.2667679871963,173.3238244444434,171.6912367717268,171.8855924297427,173.0418554082773
9_4,175.2733040562327,173.33222224203158,171.69189553010648,171.89877326271028,173.04904877277025
9_5,175.276271097816,173.338540016628,171.69119137661178,171.91026766452393,173.0540675388949
9_6,175.27608926158146,173.34311086453997,171.6896830938847,171.9202828826644,173.05729152566764
9_7,175.27334224920872,173.34619764411886,171.6876313248547,171.92885952570126,173.05900768597087
9_8,175.26867131911243,173.34796790093586,171.68509218814398,171.9358280686194,173.0593898692029
9_9,175.26268593525728,173.34854163351304,171.68201893374038,171.94092439605237,173.0585427246408
9_10,175.25591530004402,173.3480466736691,171.6783512318002,171.9439334942449,173.05656167493956
9_11,175.24879497432187,173.34665157483136,171.67407637246748,171.94479051105444,173.05357835816878
9_12,175.2416734623336,173.34457101329627,171.66925734124186,171.94361793248785,173.0497799373399
9_13,175.23482546257603,173.34205109863166,171.66403214188205,171.9407076935516,173.0454040991603
9_14,175.2284638243287,173.3393450285281,171.6585936571319,171.93646926924106,173.04071794480745
9_15,175.2227471487529,173.3366877137232,171.6531600829403,171.93136518613332,173.03599003288744
9_16,175.2177831823735,173.3342747409324,171.64794423051472,171.92585009781084,173.03146306290785
9_17,175.21362973054315,173.33224814849422,171.64312736018428,171.92032292582022,173.02733204126045
9_18,175.21029522962237,173.3306895442753,171.63884068061478,171.91509588205764,173.0237303341425
9_19,175.20774081642574,173.32962001455675,171.63515563205152,171.91038023539733,173.02072417460784
9_20,175.2058850692819,173.3290057512653,171.63208263622099,171.9062863896418,173.01831496160247
9_21,175.20461181146803,173.32876808599218,171.62957705364408,171.90283479368338,173.01644793619693
9_22,175.2037806347161,173.32879650054426,171.62755053222725,171.89997397086148,173.01502540958728
9_23,175.20323923152114,173.32896313052404,171.62588567464383,171.8976021935853,173.01392255756855
9_24,175.2028362844,173.3291372987634,171.62445194004465,171.89558982072867,173.0130038359842
9_25,175.202433566457,173.32919873479716,171.6231208859039,171.8937999300524,173.0121382793026
9_26,175.20191603860403,173.32904836733738,171.62177920541254,171.89210554128067,173.01121228815865
9_27,175.20119903184823,173.32861590583258,171.62033847356793,171.89040238785088,173.0101389497749
9_28,175.2002320080029,173.3278638183055,171.61874102231153,171.88861681635018,173.00886341624255
9_29,175.19899882530137,173.32678771617262,171.61696186193572,171.88670893615597,173.0073643348914
9_30,175.19751483150907,173.32541352210933,171.61500699967323,171.88467157776267,173.00565173276357
9_31,175.19582141794993,173.32379208309735,171.61290883792165,171.88252592652805,173.00376206637424
9_32,175.1939788656618,173.32199207198772,171.61071954250502,171.88031487159674,173.00175133793783
9_33,175.192058392244,173.32009208908832,171.60850335218507,171.87809515333035,172.99968724671194
9_34,175.19013427437116,173.31817283800078,171.60632876607664,171.87592932398357,172.99764130060802
9_35,175.18827679783837,173.31631012645192,171.6042614184527,171.8738783810905,172.99568168095834
9_36,175.18654660244204,173.31456925943723,171.6023582595669,171.8719957207746,172.9938674605552
9_37,175.18499077273862,173.31300117711723,171.60066343704526,171.87032281906468,172.99224455149144
9_38,175.18364080551402,173.3116404706188,171.59920604349279,171.8688868106928,172.99084353257962
9_39,175.18251238376482,173.31050520805562,171.59799968598426,171.86769991931635,172.98967929928025
9_40,175.18160672218303,173.30959833778024,171.59704365968537,171.86676051708753,172.98875230918404
9_41,175.1809131311073,173.30891031686684,171.59632538201797,171.8660554649971,172.9880510737473
9_42,175.18041237887167,173.30842254459125,171.59582367013815,171.86556331222252,172.9875554764559
9_43,175.18008041513093,173.30811116214738,171.59551242193842,171.8652579111219,172.98724047758463
9_44,175.17989204431868,173.30795080546707,171.5953642836609,171.865112028468,172.98707979047867
9_45,175.17982419988076,173.30791795889348,171.59535394645394,171.865100593721,172.98704917473728
10_0,175.17591960003574,173.28801129707216,171.59289556749258,171.86257582397877,172.9798505721448
10_1,175.17842684503955,173.2795971993693,171.59152215779926,171.85721513646587,172.9766903346685
10_2,175.1859858893357,173.27972581328302,171.59226290281669,171.85091752919104,172.97722303365663
10_3,175.19650241648026,173.28526529615488,171.5945421309554,171.8449469892295,172.980314208205
10_4,175.20783037994016,173.29371389617563,171.59765042555546,171.83971476569366,172.9847273668412
10_5,175.21826939473814,173.30322688643065,171.60112097105474,171.83508827756236,172.98942638244648
10_6,175.22674513043447,173.31250043314324,171.60470132853985,171.8306884602864,172.993658838101
10_7,175.23276474342555,173.32066678273003,171.60823166699691,171.82609010996393,172.9969383257791
10_8,175.2362710860314,173.32721372392433,171.6115541931162,171.8209395609726,172.99899464101117
10_9,175.2374833939393,173.33191691643236,171.61448363470564,171.815014250537,172.99972454890354
10_10,175.23676815822884,173.3347780384553,171.61682569035335,171.8082427988158,172.99915367146332
10_11,175.23455185362351,173.3359673677116,171.61841753578466,171.8006985354537,172.99740882314336
10_12,175.23126982192477,173.3357715697186,171.61916727364266,171.79257583726266,172.99469612563718
10_13,175.22733950291362,173.3345474654101,171.6190780565616,171.7841565053721,172.99128038256436
10_14,175.2231467795179,173.3326820637055,171.6182518584312,171.77577199049827,172.9874631730382
10_15,175.21903764493334,173.33055890859686,171.61687481671686,171.76776614044468,172.98355937767295
10_16,175.2153112161245,173.3285308305173,171.61518997134058,171.76046206946646,172.9798735218622
10_17,175.2122130501096,173.32689928362709,171.61346442922564,171.75413565119314,172.97667810353886
10_18,175.20992939508514,173.32590040931018,171.61195729707222,171.74899703162794,172.97419603327387
10_19,175.20858357323817,173.32569773945286,171.61089301676603,171.74518052051303,172.97258871249252
10_20,175.20823550810107,173.3263810977758,171.61044272277758,171.74274233727283,172.97195041648183
10_21,175.2088848579482,173.3279708771518,171.6107144020168,171.74166503152378,172.97230879216016
10_22,175.21047759702589,173.33042656174646,171.61175123093972,171.74186699929174,172.97363059725097
10_23,175.21291538317314,173.3336581846475,171.61353657111283,171.7432153654443,172.97583137609445
10_24,175.2160667445427,173.33753938159438,171.61600368422182,171.74554055973275,172.9787875925229
10_25,175.21977901544878,173.34192080281426,171.6190481801371,171.74865112022158,172.98234977965544
10_26,175.22389001432296,173.34664284171546,171.6225414174581,171.7523475523932,172.98635545647244
10_27,175.2282386306841,173.3515468892559,171.6263434235272,171.75643440043322,172.9906408359751
10_28,175.2326737188002,173.35648458797797,171.6303143011636,171.76073000738478,172.99505065383164
10_29,175.23706093923172,173.36132481065167,171.6343234797486,171.76507372541312,172.99944573876127
10_30,175.24128741483358,173.36595830612325,171.63825651076309,171.7693305715151,173.00370820080875
10_31,175.2452642568518,173.37030012949356,171.64201938395678,171.77339350270512,173.0077443182518
10_32,175.24892716134684,173.3742901023483,171.64554054530964,171.77718360971568,173.01148535468013
10_33,175.2522353753229,173.377891633408,171.64877093578352,171.78064860513896,173.01488663741335
10_34,175.25516938903576,173.38108927534506,171.65168244906948,171.78376001799077,173.01792528286026
10_35,175.25772773178178,173.38388540568053,171.6542652375368,171.7865095096094,173.02059697115214
10_36,175.25992323979176,173.38629640505366,171.65652428894478,171.78890470297725,173.02291215919186
10_37,175.26177913357938,173.38834867110896,171.65847566207975,171.79096487572428,173.0248920856231
10_38,175.26332519480232,173.3900747567444,171.66014271610354,171.7927168122858,173.026564869984
10_39,175.26459427540962,173.39150986300945,171.66155260363578,171.79419104830197,173.0279619475892
10_40,175.26561930987424,173.39268885443028,171.6627332278124,171.79541867505333,173.02911501679256
10_41,175.2664309392116,173.39364390225555,171.66371079402208,171.79642880756256,173.03005361076293
10_42,175.26705579697833,173.39440280259873,171.6645080218582,171.79724676029215,173.03080334543185
10_43,175.26751545544346,173.394987964525,171.66514302516444,171.79789292176196,173.0313848417237
10_44,175.26782598667285,173.39541601979832,171.6656288200342,171.7983822757717,173.03181327556925
10_45,175.26799805963165,173.39569797252489,171.66597338349274,171.79872448339123,173.03209847476012
10_46,175.26803747109295,173.39583978381293,171.66618015977915,171.79892441690777,173.0322454578982
11_0,175.25264225464926,173.39352501071056,171.66827668254527,171.80726554331855,173.03042737280592
11_1,175.23804001837834,173.3836421716306,171.66284547876748,171.81015580194244,173.02367086767973
11_2,175.22234127423815,173.3701638245452,171.6543770273073,171.81248992908817,173.01484301379472
11_3,175.20585372097878,173.35584484656852,171.64577345553144,171.81566873143453,173.0057851886283
11_4,175.18963368462775,173.34232544019517,171.63850520950356,171.81969263058866,172.9975392412288
11_5,175.17476635748116,173.33047816246463,171.6330359693678,171.82410832084273,172.99059720253908
11_6,175.16206541745896,173.3206957529791,171.629249981222,171.82843363554565,172.98511119680143
11_7,175.15200085427088,173.3130764552285,171.62678181526178,171.83233367480463,172.98104819989146
11_8,175.14473523815298,173.3075347871068,171.6252285132884,171.83566838058476,172.97829172978322
11_9,175.14019797690855,173.30386973493577,171.6242597347954,171.83847118874627,172.97669965884648
11_10,175.13816101657213,173.30181068773726,171.62365411567407,171.84089445941805,172.9761300698504
11_11,175.13830097002997,173.30105109698644,171.62329066313458,171.84314567973203,172.9764471024708
11_12,175.14024469291925,173.30127400717296,171.62311891483407,171.84543016546957,172.97751694509896
11_13,175.14360081845152,173.30217116202343,171.62312455869997,171.84790898844633,172.9792013819053
11_14,175.1479813103678,173.30345670489274,171.62330041743581,171.85067512860863,172.98135339032626
11_15,175.1530166557273,173.30487642613392,171.6236272245211,171.85374672082295,172.98381675680133
11_16,175.15836717346554,173.3062135125872,171.6240647975332,171.85707380869732,172.9864298230708
11_17,175.16373176683595,173.3072916533736,171.62455194992225,171.86055401148087,172.9890323454032
11_18,175.16885460263165,173.30797616377885,171.6250124594879,171.86405257188667,172.99147394944626
11_19,175.17352972039973,173.30817357225112,171.6253642562718,171.86742297038407,172.9936226298267
11_20,175.1776034032822,173.30782993395545,171.6255293604208,171.87052531106738,172.99537200218145
11_21,175.18097417956704,173.3069280194173,171.62544271984333,171.87324074710085,172.99664641648212
11_22,175.18359047302357,173.30548348282773,171.62505877743956,171.87548115899634,172.99740347307178
11_23,175.18544610385152,173.30354012764138,171.62435522028312,171.8771940465963,172.99763387459308
11_24,175.1865740090025,173.30116443472517,171.62333386698643,171.87836312353684,172.99735885856273
11_25,175.18703867184377,173.29843957723514,171.6220190130211,171.87900542521788,172.99662567182946
11_26,175.18692781512047,173.2954591972794,171.62045378059887,171.87916589077395,172.99550167094316
11_27,175.18634391840828,173.2923212491483,171.61869512755405,171.87891039586893,172.9940676727449
11_28,175.18539607956046,173.28912221601996,171.61680818256096,171.8783181353794,172.9924111533802
11_29,175.18419266068062,173.2859519809833,171.6148605174149,171.87747411770908,172.99061981919698
11_30,175.1828350558834,173.28288958289284,171.61291686493456,171.87646236402227,172.98877596693325
11_31,175.18141280314015,173.28000001975317,171.61103466414158,171.87536022817642,172.98695192880282
11_32,175.1800001469923,173.27733218512225,171.60926067980344,171.87423408277658,172.98520677367367
11_33,175.17865405193305,173.27491794455014,171.60762881433135,171.87313646468496,172.9835843188749
11_34,175.17741357448338,173.27277228647475,171.60615911576585,171.87210464631698,172.98211240576023
11_35,175.17630042972266,173.27089442085773,171.60485789210685,171.87116050052012,172.98080331080183
11_36,175.1753205373056,173.26926965284906,171.60371877254187,171.87031145740184,172.9796551050246
11_37,175.17446630290002,173.2678718297141,171.60272451073536,171.86955230972765,172.97865373826926
11_38,175.17371938203175,173.26666614721546,171.6018493029215,171.86886760655528,172.97777560968103
11_39,175.17305368187382,173.26561210527396,171.6010613913592,171.86823437874224,172.9769903893123
11_40,175.17243837919628,173.26466641967951,171.60032573817844,171.86762496049684,172.97626387438777
11_41,175.17184076573784,173.26378572386054,171.59960658171994,171.86700970371166,172.9755606937575
11_42,175.17122877190326,173.26292892896058,171.59886972304628,171.86635942206777,172.97484671149448
11_43,175.17057306235282,173.26205914842316,171.5980844304731,171.86564744583453,172.9740910217709
12_0,175.19744369027467,173.27542236768173,171.59949031647642,171.86243921024183,172.98369889616865
12_1,175.21800865523423,173.29211833059907,171.60290591471934,171.8607769354697,172.9934524590056
12_2,175.2328149797205,173.30940551907275,171.606903608355,171.85787147545074,173.00174889564977
12_3,175.2425816889805,173.32553012553961,171.61067310787442,171.85292445423568,173.00792734415754
12_4,175.2480084455649,173.33948912378048,171.61390380452843,171.84610998403124,173.01187783947626
12_5,175.24971049602232,173.35080744835497,171.6165976789384,171.83801273594358,173.01378208981484
12_6,175.24821960507967,173.3593709592849,171.61890790394463,171.82932067604224,173.01395478608785
12_7,175.24400947333186,173.36530672026012,171.6210257896284,171.8206614960133,173.0127508698084
12_8,175.2375221975672,173.36889516474204,171.62311412695874,171.81252449488656,173.01051399603864
12_9,175.2291857248523,173.37050352227195,171.62527711136153,171.8052356836978,173.00755051054588
12_10,175.2194204136318,173.3705350134313,171.6275555421383,171.79896587929983,173.00411921212532
12_11,175.20863679451577,173.36939116552458,171.6299370677341,171.79375743314733,173.00043061523044
12_12,175.19722789635446,173.36744555701537,171.63237331746643,171.78955893099615,172.9966514254581
12_13,175.18555932779873,173.3650273232574,171.6347980887566,171.78626022892317,172.992911242184
12_14,175.1739595351466,173.36241255537846,171.6371429463529,171.7837229223244,172.98930948980058
12_15,175.1627117824215,173.35982164334115,171.63934841914917,171.78180370970512,172.98592138865422
12_16,175.15204864860448,173.35742074000547,171.64137035632126,171.78036997689279,172.982802430456
12_17,175.14214928303113,173.35532581030012,171.64318192136847,171.7793082240509,172.97999130968765
12_18,175.13313929680058,173.35360809208098,171.64477221272742,171.77852671279916,172.97751157860202
12_19,175.12509295754177,173.35230015480312,171.64614268707317,171.77795401471548,172.9753724535334
12_20,175.11803725333684,173.35140204771542,171.64730252012598,171.777535116652,172.97356923445756
12_21,175.11195736135514,173.35088725812176,171.64826385777502,171.7772265048162,172.97208374551704
12_22,175.1068030696623,173.3507083510976,171.64903766075335,171.7769913132776,172.97088509869772
12_23,175.10249573767112,173.35080224670168,171.64963058358217,171.7767952627326,172.96993095767186
12_24,175.09893542976013,173.35109512656308,171.65004308935048,171.7766037846992,172.96916935759322
12_25,175.0960079106135,173.3515069665838,171.6502688066279,171.7763804543647,172.96854103454748
12_26,175.09359124586723,173.35195568164096,171.6502949916774,171.77608665372165,172.96798214322683
12_27,175.0915618055389,173.35236085301736,171.65010386777465,171.77568225465618,172.96742719524678
12_28,175.0897995193233,173.3526469972851,171.64967456812587,171.77512704108665,172.96681203145522
12_29,175.0881922814664,173.35274633049022,171.64898540108612,171.77438256817737,172.966076645305
12_30,175.08663944805534,173.35260098500166,171.64801617666112,171.77341417216542,172.96516769547088
12_31,175.0850544107003,173.35216464768015,171.64675037250143,171.77219288425124,172.96404057878328
12_32,175.08336626724463,173.35140360532904,171.64517696766993,171.77069705578634,172.96266097400746
12_33,175.08152064180413,173.35029720436307,171.64329182666762,171.768913561145,172.96100580849495
12_34,175.07947973267238,173.3488377538466,171.6410985693249,171.76683850280472,172.95906363966213
12_35,175.07722168705595,173.3470299222534,171.6386089104084,171.76447739579118,172.95683447887723
12_36,175.0747394160272,173.34488969664343,171.63584249365582,171.76184485294735,172.95432911481845
12_37,175.07203897149193,173.34244298710013,171.63282627703904,171.75896382700012,172.9515680156578
12_38,175.06913760955806,173.33972396839738,171.6295935488675,171.7558644897052,172.94857990413206
12_39,175.06606166190664,173.33677325467946,171.62618266811458,171.7525828428569,172.9454001068894
12_40,175.06284432922286,173.33363600157514,171.62263562782783,171.74915916159318,172.94206878005477
12_41,175.0595234992484,173.33036002414073,171.61899653879587,171.7456363685324,172.93862910767933
12_42,175.05613967749207,173.32699400912662,171.6153101231514,171.74205842935996,172.93512555978253
12_43,175.0527341020461,173.323585887217,171.61162029572642,171.73846884811405,172.93160228327588
12_44,175.04934709630524,173.32018141615197,171.6079688962042,171.73490932514702,172.9281016834521
12_45,175.04601669559375,173.31682301000907,171.6043946187817,171.73141862397597,172.92466323709013
12_46,175.04277756661844,173.31354883435316,171.60093216938452,171.7280316762278,172.92132256164598
12_47,175.039660223001,173.31039217228866,171.59761166448968,171.72477893767214,172.91811074936285
12_48,175.03669052643966,173.307381053324,171.59445827111304,171.72168599371412,172.9150539611477
12_49,175.03388945172006,173.304538125889,171.59149207510987,171.71877340027922,172.91217326324954
12_50,175.03127308504702,173.30188074563554,171.58872815498316,171.71605673611052,172.90948468044408
12_51,175.028852819079,173.29942124544587,171.5861768310809,171.71354683527684,172.90699943272065
12_52,175.02663570454754,173.2971673493611,171.5838440553933,171.71125016414726,172.9047243183623
12_53,175.02462491723864,173.29512269127446,171.5817319049869,171.7091693050554,172.90266220463886
12_54,175.02282030012097,173.29328739996268,171.57983914218224,171.7073035090917,172.9008125878394
12_55,175.02121894318915,173.29165871453523,171.5781618065622,171.70564928257932,172.89917218671647
12_56,175.01981576774762,173.2902315982832,171.57669380739077,171.70420097540668,172.89773553720707
12_57,175.01860408699864,173.28899932382095,171.5754274896286,171.7029513440991,172.89649556113682
12_58,175.0175761205293,173.28795400794706,171.57435415204145,171.70189206790727,172.89544408710626
12_59,175.0167234462325,173.28708708043143,171.57346450152593,171.70101420188334,172.8945723075183
12_60,175.01603737904122,173.2863896766454,171.5727490333882,171.70030855657262,172.89387116141185
12_61,175.0155092713122,173.28585294930593,171.57219833261112,171.69976599928046,172.89333163812742
12_62,175.0151307345564,173.2854682993866,171.57180329590363,171.69937767664862,172.89294500162381
12_63,175.01489378633013,173.285227530303,171.57155527838032,171.69913516233896,172.8927029393381
12_64,175.0147909293607,173.28512293269821,171.57144617195382,171.69903053685692,172.89259764271742
